창동역점,서울특별시 도봉구 노해로 389,070-7462-6839,"['매장 : 연중무휴 (09:00~23:00)', '딜리버리 : 09:00 - 22:59', '킹오더 : 09:00 - 22:45']","['딜리버리', '킹오더']"
양평점,서울특별시 영등포구 선유로 130,070-7462-6840,"['매장 : 연중무휴 (10:00~22:00)', '딜리버리 : 10:00 - 22:00', '킹오더 : 10:00 - 21:45']","['딜리버리', '킹오더']"
쌍문점,서울특별시 도봉구 도당로 6,02-997-0233,"['매장 : 연중무휴 (09:00~24:00)', '딜리버리 : 09:00 - 23:59', '킹오더 : 09:00 - 23:45']","['딜리버리', '킹오더']"
연세로점,서울특별시 서대문구 연세로 25,02-322-3669,"['매장 : Cleaning Day(Close): 매월 둘째주 월요일 02:00~08:00', '딜리버리 : 24시간 운영', '킹오더 : 08:00 - 23:45', '아침메뉴: 04:00 - 11:00']","['딜리버리', '킹오더', '24시간매장', '아침메뉴']"
종로점,서울특별시 종로구 종로 94,02-2285-4838,"['매장 : 연중무휴 (09:00~24:00)', '딜리버리 : 10:00 - 23:59', '킹오더 : 09:00 - 23:45']","['딜리버리', '킹오더']"
천호역점,서울특별시 강동구 천호대로 1012,02-473-0331,"['매장 : 연중무휴 (09:00~23:00)', '딜리버리 : 10:00 - 23:00', '킹오더 : 09:00 - 22:45']","['딜리버리', '킹오더']"
쌍문SK점,서울특별시 도봉구 도봉로 437,02-904-0332,"['매장 : 연중무휴 (10:00~24:00)', '딜리버리 : 10:00 - 23:59', '킹오더 : 10:00 - 23:45']","['딜리버리', '킹오더', '드라이브스루']"
수유역점,서울특별시 강북구 도봉로 314,070-7462-6837,"['매장 : 연중무휴 (09:00~24:00)', '딜리버리 : 09:00 - 23:59', '킹오더 : 09:00 - 23:45']","['딜리버리', '킹오더']"
선릉역점,서울특별시 강남구 선릉로 429,02-3452-0377,"['매장 : 연중무휴 (09:00~23:00)', '딜리버리 : 10:00 - 23:00', '킹오더 : 09:00 - 22:45']","['딜리버리', '킹오더']"
대치역점,서울특별시 강남구 남부순환로 2936,02-539-0332,"['매장 : 월~금 : 10:00~23:00 / 토~일 : 09:00~23:00', '딜리버리 : 10:00 - 23:00', '킹오더 : 10:00 - 22:45']","['딜리버리', '킹오더']"
종로구청점,서울특별시 종로구 삼봉로 57,02-722-0238,"['매장 : 연중무휴 (09:00~24:00)', '딜리버리 : 10:00 - 23:59', '킹오더 : 09:00 - 23:45', '아침메뉴: 09:00 - 11:00']","['딜리버리', '킹오더', '아침메뉴']"
길동사거리점,서울특별시 강동구 양재대로 1440,02-471-0332,"['매장 : Cleaning Day(Close): 매월 셋째주 월요일 02:00~08:00', '딜리버리 : 24시간 운영', '킹오더 : 08:00 - 23:45', '아침메뉴: 04:00 - 11:00']","['딜리버리', '킹오더', '24시간매장', '아침메뉴']"
서대문역점,서울특별시 중구 통일로 86,070-7462-6847,"['매장 : 연중무휴 (09:00~22:00)', '딜리버리 : 10:00 - 22:00', '킹오더 : 09:00 - 21:45']","['딜리버리', '킹오더']"
문정점,서울특별시 송파구 송이로 239,02-431-0332,"['매장 : Cleaning Day(Close): 매월 첫째주 월요일 02:00~08:00', '딜리버리 : 24시간 운영', '킹오더 : 08:00 - 23:45', '아침메뉴: 04:00 - 11:00']","['딜리버리', '킹오더', '24시간매장', '아침메뉴']"
당산역점,서울특별시 영등포구 양평로 58,02-2678-0332,"['매장 : 연중무휴 (09:00~23:00)', '딜리버리 : 09:00 - 23:00', '킹오더 : 09:00 - 22:45']","['딜리버리', '킹오더']"
사당역점,서울특별시 동작구 동작대로 21,02-583-0332,"['매장 : Cleaning Day(Close): 매월 첫째주 월요일 02:00~08:00', '딜리버리 : 24시간 운영', '킹오더 : 08:00 - 23:45', '아침메뉴: 04:00 - 11:00']","['딜리버리', '킹오더', '24시간매장', '아침메뉴']"
몽촌토성점,서울특별시 송파구 백제고분로51길 30,02-421-0332,"['매장 : 연중무휴 (09:00~23:00)', '딜리버리 : 10:00 - 23:00', '킹오더 : 09:00 - 22:45']","['딜리버리', '킹오더']"
구로점,서울특별시 구로구 시흥대로 551,070-7462-8527,"['매장 : 연중무휴 (10:00~24:00)', '딜리버리 : 10:00 - 23:59', '킹오더 : 10:00 - 23:45']","['딜리버리', '킹오더']"
목동역점,서울특별시 양천구 오목로 238,02-2602-0332,"['매장 : 연중무휴 (09:00~23:00)', '딜리버리 : 10:00 - 23:00', '킹오더 : 09:00 - 22:45']","['딜리버리', '킹오더']"
충무로역점,서울특별시 중구 퇴계로 216,02-2285-0337,"['매장 : 연중무휴 (09:00~24:00)', '딜리버리 : 10:00 - 23:59', '킹오더 : 09:00 - 23:45']","['딜리버리', '킹오더']"
차병원사거리점,서울특별시 강남구 봉은사로 179,02-540-0332,"['매장 : 일~목 : 10:00~23:00 / 금~토 : 09:00~23:00', '딜리버리 : 10:00 - 23:00', '킹오더 : 10:00 - 22:45']","['딜리버리', '킹오더']"
강남도곡점,서울특별시 강남구 논현로 172,070-7462-6846,"['매장 : 월~금 : 10:00~22:00 / 토~일 : 09:00~22:00', '딜리버리 : 10:00 - 22:00', '킹오더 : 10:00 - 21:45']","['딜리버리', '킹오더']"
약수역점,서울특별시 중구 다산로 142,070-7438-8605,"['매장 : 연중무휴 (09:00~24:00)', '딜리버리 : 10:00 - 23:59', '킹오더 : 09:00 - 23:45']","['딜리버리', '킹오더']"
청담점,서울특별시 강남구 선릉로 812,02-3446-7816,"['매장 : Cleaning Day(Close): 매월 첫째주 월요일 02:00~08:00', '딜리버리 : 24시간 운영', '킹오더 : 08:00 - 23:45', '아침메뉴: 04:00 - 11:00']","['딜리버리', '킹오더', '24시간매장', '아침메뉴']"
수서점,서울특별시 강남구 광평로 280,02-3412-1557,"['매장 : 일~목 : 08:00~22:00 / 금~토 : 08:00~23:00', '딜리버리 : 10:00 - 22:00', '킹오더 : 08:00 - 21:45']","['딜리버리', '킹오더']"
석관점,서울특별시 성북구 돌곶이로 50,070-5138-3074,"['매장 : 연중무휴(10:00~23:00)', '딜리버리 : 10:00 - 22:30', '킹오더 : 10:00 - 22:30']","['딜리버리', '킹오더']"
장안SK점,서울특별시 동대문구 한천로 100,070-7438-8236,"['매장 : Cleaning Day(Close): 매월 넷째주 월요일 02:00~08:00', '딜리버리 : 24시간 운영', '킹오더 : 08:00 - 23:45', '아침메뉴: 04:00 - 11:00']","['딜리버리', '킹오더', '24시간매장', '아침메뉴', '드라이브스루']"
신당역점,서울특별시 중구 다산로 258,02-2253-0332,"['매장 : Cleaning Day(Close): 매월 셋째주 월요일 02:00~08:00', '딜리버리 : 24시간 운영', '킹오더 : 08:00 - 23:45', '아침메뉴: 04:00 - 11:00']","['딜리버리', '킹오더', '24시간매장', '아침메뉴']"
신림역점,서울특별시 관악구 신림로 318,070-7462-8763,"['매장 : Cleaning Day(Close): 매월 넷째주 월요일 02:00~08:00', '딜리버리 : 24시간 운영', '킹오더 : 08:00 - 23:45', '아침메뉴: 04:00 - 11:00']","['딜리버리', '킹오더', '24시간매장', '아침메뉴']"
건대역점,서울특별시 광진구 아차산로 272,070-7462-8511,"['매장 : 월~금 (10:00~23:00) / 토,일 (09:00~23:00)', '딜리버리 : 10:00 - 23:00', '킹오더 : 10:00 - 22:45']","['딜리버리', '킹오더']"
동국대점,서울특별시 중구 필동로1길 30,02-2277-3006,"['매장 : 월~금 (11:00~19:00)', '킹오더 : 11:00 - 18:45']",['킹오더']
홍제역점,서울특별시 서대문구 통일로 464,02-391-0332,"['매장 : 연중무휴 (09:00~23:00)', '딜리버리 : 10:30 - 23:00', '킹오더 : 09:00 - 22:45']","['딜리버리', '킹오더']"
교대역점,서울특별시 서초구 서초대로 283,02-596-0332,"['매장 : 연중무휴 (09:00~22:00)', '딜리버리 : 10:00 - 22:00', '킹오더 : 09:00 - 21:45']","['딜리버리', '킹오더']"
영등포KT점,서울특별시 영등포구 영중로 119,02-2675-0332,"['매장 : Cleaning Day(Close): 매월 둘째주 월요일 02:00~08:00', '딜리버리 : 24시간 운영', '킹오더 : 08:00 - 23:45', '아침메뉴: 04:00 - 11:00']","['딜리버리', '킹오더', '24시간매장', '아침메뉴']"
가재울뉴타운점,서울특별시 서대문구 수색로 56,02-303-0392,"['매장 : 연중무휴 (09:00~23:00)', '딜리버리 : 09:00 - 22:59', '킹오더 : 09:00 - 22:45']","['딜리버리', '킹오더']"
구로구청점,서울특별시 구로구 가마산로 250,02-856-0332,"['매장 : 연중무휴 (09:00~23:00)', '딜리버리 : 10:00 - 23:00', '킹오더 : 09:00 - 22:45']","['딜리버리', '킹오더']"
마곡점,서울특별시 강서구 마곡동로 56,070-7462-6739,"['매장 : 연중무휴 (10:00~24:00)', '딜리버리 : 10:00 - 23:59', '킹오더 : 10:00 - 23:45']","['딜리버리', '킹오더']"
공덕역점,서울특별시 마포구 마포대로 144,02-701-8355,"['매장 : 연중무휴 (08:00~23:00)', '딜리버리 : 10:00 - 23:00', '킹오더 : 08:00 - 22:45']","['딜리버리', '킹오더']"
서교동사거리점,서울특별시 마포구 양화로 100,02-322-3199,"['매장 : 일~목 : 10:00~23:00 / 금~토 : 10:00~24:00', '딜리버리 : 10:00 - 23:00', '킹오더 : 10:00 - 22:45']","['딜리버리', '킹오더']"
안암오거리점,서울특별시 성북구 안암로 73,02-922-0332,"['매장 : 연중무휴 (09:00~24:00)', '딜리버리 : 09:00 - 23:59', '킹오더 : 09:00 - 23:45']","['딜리버리', '킹오더']"
미아역점,서울특별시 강북구 도봉로 188,02-988-0332,"['매장 : Cleaning Day(Close): 매월 셋째주 월요일 02:00~08:00', '딜리버리 : 24시간 운영', '킹오더 : 08:00 - 23:45', '아침메뉴: 04:00 - 11:00']","['딜리버리', '킹오더', '24시간매장', '아침메뉴']"
신월점,서울특별시 양천구 화곡로 64,070-7462-6708,"['매장 : 연중무휴 (09:00~23:00)', '딜리버리 : 10:00 - 23:00', '킹오더 : 09:00 - 22:45']","['딜리버리', '킹오더']"
종암점,서울특별시 성북구 종암로 123,070-7462-6709,"['매장 : 연중무휴 (09:00~24:00)', '딜리버리 : 10:00 - 23:59', '킹오더 : 09:00 - 23:45']","['딜리버리', '킹오더']"
박석고개SK점,서울특별시 은평구 통일로 945,070-7462-6723,"['매장 : 연중무휴 (09:00~23:00)', '딜리버리 : 09:00 - 23:00', '킹오더 : 09:00 - 22:45']","['딜리버리', '킹오더', '드라이브스루']"
혜화역점,서울특별시 종로구 동숭길 148,070-7462-6726,"['매장 : 연중무휴 (09:00~23:00)', '딜리버리 : 10:00 - 23:00', '킹오더 : 09:00 - 22:45']","['딜리버리', '킹오더']"
먹골역점,서울특별시 중랑구 동일로 890,070-7462-6725,"['매장 : 연중무휴 (09:00~23:00)', '딜리버리 : 10:00 - 23:00', '킹오더 : 09:00 - 22:45']","['딜리버리', '킹오더']"
공릉역점,서울특별시 노원구 동일로 1085,070-7438-8217,"['매장 : Cleaning Day(Close): 매월 넷째주 월요일 02:00~08:00', '딜리버리 : 24시간 운영', '킹오더 : 08:00 - 23:45', '아침메뉴: 04:00 - 11:00']","['딜리버리', '킹오더', '24시간매장', '아침메뉴']"
거여역점,서울특별시 송파구 오금로 519,070-7438-8219,"['매장 : 연중무휴 (10:00~23:00)', '딜리버리 : 10:00 - 23:00', '킹오더 : 10:00 - 22:45']","['딜리버리', '킹오더']"
낙성대점,서울특별시 관악구 남부순환로 1934,070-7438-8235,"['매장 : 연중무휴 (09:00~23:00)', '딜리버리 : 10:00 - 23:00', '킹오더 : 09:00 - 22:45']","['딜리버리', '킹오더']"
가산이앤씨7점,서울특별시 금천구 디지털로9길 46,070-7438-8601,"['매장 : 연중무휴 (09:00~22:00)', '딜리버리 : 10:00 - 22:00', '킹오더 : 09:00 - 21:45']","['딜리버리', '킹오더']"
개봉점,서울특별시 구로구 개봉로 55,070-7438-8623,"['매장 : Cleaning Day(Close): 매월 첫째주 월요일 02:00~08:00', '딜리버리 : 24시간 운영', '킹오더 : 08:00 - 23:45', '아침메뉴: 04:00 - 11:00']","['딜리버리', '킹오더', '24시간매장', '아침메뉴']"
왕십리센트라스점,서울특별시 성동구 왕십리로 410,070-7438-8625,"['매장 : 연중무휴 (10:00~23:00)', '딜리버리 : 10:00 - 23:00', '킹오더 : 10:00 - 22:45']","['딜리버리', '킹오더']"
군자능동점,서울특별시 광진구 능동로 245,070-7462-6703,"['매장 : 연중무휴 (09:00~24:00)', '딜리버리 : 10:00 - 23:59', '킹오더 : 09:00 - 23:45']","['딜리버리', '킹오더']"
신설동역점,서울특별시 동대문구 보문로 6,070-7462-6775,"['매장 : 연중무휴 (09:00~23:00)', '딜리버리 : 09:00 - 23:00', '킹오더 : 09:00 - 22:45']","['딜리버리', '킹오더']"
반포고속터미널점,서울특별시 서초구 신반포로 194,02-534-0332,"['매장 : 연중무휴 (07:30~24:00)', '킹오더 : 07:30 - 23:45']",['킹오더']
문정역점,서울특별시 송파구 법원로 8길 13,070-7462-6747,"['매장 : 연중무휴 (10:00~23:00)', '딜리버리 : 10:00 - 23:00', '킹오더 : 10:00 - 22:45']","['딜리버리', '킹오더']"
둔촌GS FS점,서울특별시 강동구 양재대로 1323,070-7462-6767,"['매장 : 월~금 : 10:00~23:00 / 토~일 : 09:00~23:00', '딜리버리 : 10:00 - 23:00', '킹오더 : 10:00 - 22:45']","['딜리버리', '킹오더']"
강남대로점,서울특별시 강남구 강남대로 406,02-566-0332,"['매장 : 연중무휴 (09:00~23:00)', '딜리버리 : 10:00 - 23:00', '킹오더 : 09:00 - 22:45']","['딜리버리', '킹오더']"
가산디지털점,서울특별시 금천구 가산디지털1로 168,02-853-0332,"['매장 : 연중무휴 (09:00~22:00)', '딜리버리 : 10:00 - 22:00', '킹오더 : 09:00 - 21:45']","['딜리버리', '킹오더']"
방배카페골목,서울특별시 서초구 방배중앙로 200,02-599-9940,"['매장 : 연중무휴(10:00~22:00)', '딜리버리 : 10:00 - 22:00', '킹오더 : 10:00 - 21:45']","['딜리버리', '킹오더']"
시청역점,서울특별시 중구 서소문로 136,02-777-0332,"['매장 : 연중무휴 (09:00~22:00)', '딜리버리 : 10:00 - 22:00', '킹오더 : 09:00 - 21:45']","['딜리버리', '킹오더']"
종합운동장사거리점,서울특별시 송파구 올림픽로 76,070-7462-6856,"['매장 : 월~금 : 10:00~23:00 / 토~일 : 09:00~23:00', '딜리버리 : 10:00 - 23:00', '킹오더 : 10:00 - 22:45']","['딜리버리', '킹오더']"
서여의도점,서울특별시 영등포구 국회대로70길 23,02-780-0993,"['매장 : 연중무휴 (09:00~22:00)', '딜리버리 : 09:00 - 21:59', '킹오더 : 09:00 - 21:45']","['딜리버리', '킹오더']"
서울역점,서울특별시 용산구 한강대로 405,02-392-2895,"['매장 : 연중무휴 (07:00~22:00)', '킹오더 : 07:00 - 21:45']",['킹오더']
송파구청점,서울특별시 송파구 오금로 99,02-419-0332,"['매장 : 연중무휴 (10:00~23:00)', '딜리버리 : 10:00 - 23:00', '킹오더 : 10:00 - 22:45']","['딜리버리', '킹오더']"
연희점,서울특별시 서대문구 연희로 97,02-3144-6633,"['매장 : 연중무휴(10:00~22:00)', '딜리버리 : 10:00 - 21:30', '킹오더 : 10:00 - 21:00']","['딜리버리', '킹오더']"
용산이마트점,서울특별시 용산구 한강대로23길 55,02-793-0331,"['매장 : 영업시간 (10:00~22:00), 매월 둘째주/넷째주 일요일 휴점', '킹오더 : 10:00 - 21:45']",['킹오더']
대치점,서울특별시 강남구 도곡로 447,02-556-8595,"['매장 : 월~금 : 10:00~23:00 / 토~일 : 09:00~23:00', '딜리버리 : 10:00 - 23:00', '킹오더 : 10:00 - 22:45']","['딜리버리', '킹오더']"
양재점,서울특별시 서초구 강남대로 221,02-577-0407,"['매장 : 연중무휴 (09:00~22:00)', '딜리버리 : 10:00 - 22:00', '킹오더 : 09:00 - 21:45']","['딜리버리', '킹오더']"
신대방삼거리역점,서울특별시 동작구 상도로 83,070-7462-6791,"['매장 : 월~금 : 10:00~23:00 / 토~일 : 09:00~23:00', '딜리버리 : 10:00 - 23:00', '킹오더 : 10:00 - 22:45']","['딜리버리', '킹오더']"
강남NC점,서울특별시 서초구 잠원로 69,02-595-9042,"['매장 : 연중무휴 (09:00~23:00)', '딜리버리 : 10:00 - 23:00', '킹오더 : 09:00 - 22:45']","['딜리버리', '킹오더']"
국제점,서울특별시 용산구 한강대로 92,02-794-8211,"['매장 : 월~토 : 10:00~21:00 / 일요일, 공휴일 : 휴무', '딜리버리 : 10:30 - 21:00', '킹오더 : 10:00 - 20:45']","['딜리버리', '킹오더']"
녹번대성GS점,서울특별시 은평구 통일로 642,070-7462-6801,"['매장 : 연중무휴 (09:00~24:00)', '딜리버리 : 10:00 - 23:59', '킹오더 : 09:00 - 23:45']","['딜리버리', '킹오더', '드라이브스루']"
서울대입구역점,서울특별시 관악구 남부순환로 1796,070-7462-6868,"['매장 : 연중무휴 (09:00~24:00)', '딜리버리 : 10:00 - 23:50', '킹오더 : 09:00 - 23:45']","['딜리버리', '킹오더']"
가양역점,서울특별시 강서구 양천로 476,070-7462-6886,"['매장 : 월~금 : 10:00~23:00 / 토~일 : 09:00~23:00', '딜리버리 : 10:00 - 23:00', '킹오더 : 10:00 - 22:45']","['딜리버리', '킹오더']"
신촌1점,서울특별시 서대문구 신촌로 121,070-7438-6531,"['매장 : 연중무휴 (09:00~24:00)', '딜리버리 : 10:00 - 23:59', '킹오더 : 09:00 - 23:45']","['딜리버리', '킹오더']"
신길점,서울특별시 영등포구 도신로 237,070-7462-8523,"['매장 : 연중무휴 (09:00~24:00)', '딜리버리 : 09:00 - 23:59', '킹오더 : 09:00 - 23:45']","['딜리버리', '킹오더']"
마포구청역점,서울특별시 마포구 월드컵로 155,070-7462-8524,"['매장 : 연중무휴 (09:00~24:00)', '딜리버리 : 10:00 - 23:59', '킹오더 : 09:00 - 23:45']","['딜리버리', '킹오더']"
삼성중앙역점,서울특별시 강남구 봉은사로 502,070-7438-6574,"['매장 : 연중무휴 (09:00~24:00)', '딜리버리 : 10:00 - 23:00', '킹오더 : 09:00 - 23:45']","['딜리버리', '킹오더']"
구의점,서울특별시 광진구 아차산로 466,070-7438-6504,"['매장 : 연중무휴 (09:00~24:00)', '딜리버리 : 10:00 - 23:59', '킹오더 : 09:00 - 23:45']","['딜리버리', '킹오더']"
신정네거리역점,서울특별시 양천구 중앙로 275,070-7438-6521,"['매장 : Cleaning Day(Close): 매월 셋째주 월요일 02:00~08:00', '딜리버리 : 24시간 운영', '킹오더 : 08:00 - 23:45', '아침메뉴: 04:00 - 11:00']","['딜리버리', '킹오더', '24시간매장', '아침메뉴']"
강동구청점,서울특별시 강동구 성내로 22,070-7462-6822,"['매장 : 월~금 : 10:00~22:00 / 토~일 : 09:00~22:00', '딜리버리 : 10:00 - 22:00', '킹오더 : 10:00 - 21:45']","['딜리버리', '킹오더']"
내발산점,서울특별시 강서구 강서로 308,070-7438-6565,"['매장 : 연중무휴 (09:00~24:00)', '딜리버리 : 09:00 - 23:59', '킹오더 : 09:00 - 23:45']","['딜리버리', '킹오더']"
건대입구역점,서울특별시 광진구 아차산로 229,070-7462-6823,"['매장 : Cleaning Day(Close): 매월 넷째주 월요일 02:00~08:00', '딜리버리 : 24시간 운영', '킹오더 : 08:00 - 23:45', '아침메뉴: 04:00 - 11:00']","['딜리버리', '킹오더', '24시간매장', '아침메뉴']"
신논현역점,서울특별시 강남구 봉은사로 105,070-7438-6564,"['매장 : Cleaning Day(Close): 매월 넷째주 월요일 02:00~08:00', '딜리버리 : 24시간 운영', '킹오더 : 08:00 - 23:45', '아침메뉴: 04:00 - 11:00']","['딜리버리', '킹오더', '24시간매장', '아침메뉴']"
신림미림여고입구점,서울특별시 관악구 신림로 141,070-7462-8503,"['매장 : 연중무휴 (09:00~24:00)', '딜리버리 : 10:00 - 23:59', '킹오더 : 09:00 - 23:45']","['딜리버리', '킹오더']"
등촌역점,서울특별시 강서구 공항대로 549,070-7462-8542,"['매장 : 연중무휴 (09:00~24:00)', '딜리버리 : 09:00 - 23:59', '킹오더 : 09:00 - 23:45']","['딜리버리', '킹오더']"
성신여대입구역점,서울특별시 성북구 동소문로 120,070-7462-8547,"['매장 : 연중무휴 (09:00~24:00)', '딜리버리 : 09:00 - 23:59', '킹오더 : 09:00 - 23:45']","['딜리버리', '킹오더']"
노원역점,서울특별시 노원구 노해로 456,070-7462-6806,"['매장 : 연중무휴 (09:00~24:00)', '딜리버리 : 10:00 - 23:59', '킹오더 : 09:00 - 23:45']","['딜리버리', '킹오더']"
회현역점,서울특별시 중구 퇴계로 52,070-7462-6807,"['매장 : 연중무휴 (09:30~23:00)', '딜리버리 : 10:15 - 23:00', '킹오더 : 09:30 - 22:45']","['딜리버리', '킹오더']"
염창역점,서울특별시 양천구 공항대로 630,070-7462-6819,"['매장 : 연중무휴 (09:00~24:00)', '딜리버리 : 10:00 - 23:59', '킹오더 : 09:00 - 23:45']","['딜리버리', '킹오더']"
경희대점,서울특별시 동대문구 경희대로 1-1,070-7462-8543,"['매장 : 연중무휴 (09:00~24:00)', '딜리버리 : 10:00 - 23:59', '킹오더 : 09:00 - 23:45']","['딜리버리', '킹오더']"
동대문중학교사거리점,서울특별시 동대문구 답십리로41길 33,070-7461-4716,"['매장 : 연중무휴 (09:00~23:00)', '딜리버리 : 10:00 - 23:00', '킹오더 : 09:00 - 22:45']","['딜리버리', '킹오더']"
방배점,서울특별시 서초구 방배로 127,070-7462-6795,"['매장 : 월~금 : 10:00~23:00 / 토~일 : 09:00~23:00', '딜리버리 : 10:00 - 23:00', '킹오더 : 10:00 - 22:45']","['딜리버리', '킹오더']"
목동이마트점,서울특별시 양천구 오목로 299,02-2654-0332,"['매장 : 영업시간 (10:00~21:00), 매월 둘째주/넷째주 일요일 휴점', '킹오더 : 10:00 - 20:45']",['킹오더']
상암점,서울특별시 마포구 월드컵북로 344,070-7462-6718,"['매장 : 연중무휴 (09:00~23:00)', '딜리버리 : 09:00 - 23:00', '킹오더 : 09:00 - 22:45']","['딜리버리', '킹오더']"
망우점,서울특별시 중랑구 망우로 400,070-7438-6513,"['매장 : 연중무휴 (09:00~24:00)', '딜리버리 : 10:00 - 23:59', '킹오더 : 09:00 - 23:45']","['딜리버리', '킹오더']"
불광점,서울특별시 은평구 통일로 750,070-7462-8633,"['매장 : Cleaning Day(Close): 매월 셋째주 월요일 02:00~08:00', '딜리버리 : 24시간 운영', '킹오더 : 08:00 - 23:45', '아침메뉴: 04:00 - 11:00']","['딜리버리', '킹오더', '24시간매장', '아침메뉴']"
송정역점,서울특별시 강서구 공항대로 32,070-7462-8677,"['매장 : 연중무휴 (09:00~24:00)', '딜리버리 : 09:00 - 23:59', '킹오더 : 09:00 - 23:45']","['딜리버리', '킹오더']"
석촌점,서울특별시 송파구 송파대로 448,02-424-6313,"['매장 : Cleaning Day(Close): 매월 넷째주 월요일 02:00~08:00', '딜리버리 : 24시간 운영', '킹오더 : 08:00 - 23:45']","['딜리버리', '킹오더', '24시간매장']"
위례신도시GS점,서울특별시 송파구 위례중앙로43,070-7462-6773,"['매장 : 연중무휴 (09:00~23:00)', '딜리버리 : 09:00 - 22:59', '킹오더 : 09:00 - 22:45']","['딜리버리', '킹오더', '드라이브스루']"
하계점,서울특별시 노원구 노원로 236,070-7462-8665,"['매장 : 연중무휴 (09:00~23:00)', '딜리버리 : 10:00 - 23:00', '킹오더 : 09:00 - 22:45']","['딜리버리', '킹오더']"
노량진점,서울특별시 동작구 노량진로 169,02-816-2176,"['매장 : 연중무휴 (09:00~24:00)', '딜리버리 : 09:00 - 23:59', '킹오더 : 09:00 - 23:45']","['딜리버리', '킹오더']"
화곡역점,서울특별시 강서구 화곡로 142,070-7462-8540,"['매장 : 연중무휴 (09:00~24:00)', '딜리버리 : 10:00 - 23:00', '킹오더 : 09:00 - 23:45']","['딜리버리', '킹오더']"
화랑대역점,서울특별시 노원구 노원로 3,070-7462-8555,"['매장 : 월~금 : 10:00~23:00 / 토~일 : 09:00~23:00', '딜리버리 : 10:00 - 23:00', '킹오더 : 10:00 - 22:45']","['딜리버리', '킹오더']"
면목역점,서울특별시 중랑구 겸재로 180,070-7462-8558,"['매장 : 연중무휴 (09:00~24:00)', '딜리버리 : 10:00 - 23:59', '킹오더 : 09:00 - 23:59']","['딜리버리', '킹오더']"
아차산역점,서울특별시 광진구 천호대로 661,070-7459-7045,"['매장 : 연중무휴 (09:00~24:00)', '딜리버리 : 09:00 - 23:59', '킹오더 : 09:00 - 23:45']","['딜리버리', '킹오더']"
부산대연GS점,부산광역시 남구 수영로 288,051-626-0332,"['매장 : Cleaning Day(Close): 매월 첫째주 월요일 02:00~08:00', '딜리버리 : 24시간 운영', '킹오더 : 08:00 - 23:45', '아침메뉴: 04:00 - 11:00']","['딜리버리', '킹오더', '24시간매장', '아침메뉴', '드라이브스루']"
부산화명점,부산광역시 북구 화명대로 44,070-7462-6865,"['매장 : 연중무휴 (09:00~23:00)', '딜리버리 : 09:00 - 23:00', '킹오더 : 09:00 - 22:45']","['딜리버리', '킹오더']"
부산용호분포SK점,부산광역시 남구 용호로 116,051-624-0332,"['매장 : 연중무휴 (10:00~23:00)', '딜리버리 : 10:00 - 23:00', '킹오더 : 10:00 - 22:45']","['딜리버리', '킹오더', '드라이브스루']"
부산센텀오일뱅크점,부산광역시 해운대구 해운대로 179,070-7438-8229,"['매장 : 연중무휴 (09:00~24:00)', '딜리버리 : 10:00 - 23:59', '킹오더 : 09:00 - 23:45']","['딜리버리', '킹오더', '드라이브스루']"
부산금정오일뱅크점,부산광역시 금정구 중앙대로 1664,070-7438-8613,"['매장 : 연중무휴 (09:00~23:00)', '딜리버리 : 09:00 - 23:00', '킹오더 : 09:00 - 22:45']","['딜리버리', '킹오더', '드라이브스루']"
해운대신도시1점,부산광역시 해운대구 좌동순환로 310,051-701-0331,"['매장 : 연중무휴 (10:00~23:00)', '딜리버리 : 10:00 - 23:00', '킹오더 : 10:00 - 22:45']","['딜리버리', '킹오더']"
부산양정점,부산광역시 부산진구 중앙대로 900,070-7462-6737,"['매장 : 연중무휴 (10:00~23:00)', '딜리버리 : 10:00 - 23:00', '킹오더 : 10:00 - 22:45']","['딜리버리', '킹오더']"
부산서부터미널점,부산광역시 사상구 사상로 201,051-311-9713,"['매장 : 연중무휴 (09:00~24:00)', '딜리버리 : 09:00 - 23:59', '킹오더 : 09:00 - 23:45']","['딜리버리', '킹오더']"
부산안락DT점,부산광역시 동래구 충렬대로 311,051-556-3800,"['매장 : 연중무휴(10:00~22:00)', '딜리버리 : 10:00 - 21:45', '킹오더 : 10:00 - 21:30']","['딜리버리', '킹오더', '드라이브스루']"
부산정관DT점,부산광역시 기장군 정관읍 용수로 48,070-7438-8624,"['매장 : 연중무휴 (09:00~23:00)', '딜리버리 : 09:00 - 23:00', '킹오더 : 09:00 - 22:45']","['딜리버리', '킹오더', '드라이브스루']"
부산대점,부산광역시 금정구 금정로 66,070-7462-6769,"['매장 : 연중무휴 (10:00~23:00)', '딜리버리 : 10:00 - 22:45', '킹오더 : 10:00 - 22:45']","['딜리버리', '킹오더']"
해운대비치점,부산광역시 해운대구 구남로 27,051-731-0054,"['매장 : 연중무휴(10:00~22:00)', '딜리버리 : 10:00 - 21:45', '킹오더 : 10:00 - 21:30']","['딜리버리', '킹오더']"
부산괴정역점,부산광역시 사하구 사하로 200,051-292-2931,"['매장 : 연중무휴(10:00~22:00)', '딜리버리 : 10:00 - 21:55', '킹오더 : 10:00 - 21:55']","['딜리버리', '킹오더']"
부산망미SK점,부산광역시 연제구 과정로 120 부흥주유소,051-751-3737,"['매장 : 임시휴점 중', '딜리버리 : 10:00 - 21:30', '킹오더 : 10:00 - 21:45']","['딜리버리', '킹오더', '드라이브스루']"
해운대우동점,부산광역시 해운대구 해운대로452번길 16,051-741-5200,"['매장 : 연중무휴(10:00~22:00)', '딜리버리 : 10:00 - 21:45', '킹오더 : 10:00 - 21:30']","['딜리버리', '킹오더']"
부산서면일번가점,부산광역시 부산진구 서면로 48,070-7462-6812,"['매장 : 연중무휴 (10:00~22:00)', '딜리버리 : 10:00 - 22:00', '킹오더 : 10:00 - 21:45']","['딜리버리', '킹오더']"
부산주례점,부산광역시 사상구 가야대로 298,070-7438-6507,"['매장 : 월~금 : 10:00~24:00 / 토~일 : 09:00~24:00', '딜리버리 : 10:00 - 23:59', '킹오더 : 10:00 - 23:45']","['딜리버리', '킹오더']"
부산기장DT점,부산광역시 기장군 기장읍 기장대로 531,070-7462-8630,"['매장 : 연중무휴 (09:00~24:00)', '딜리버리 : 09:00 - 23:59', '킹오더 : 09:00 - 23:45']","['딜리버리', '킹오더', '드라이브스루']"
부산센텀시티점,부산광역시 해운대구 센텀동로 25,070-7462-8510,"['매장 : 월~금 : 10:00~23:00 / 토~일 : 09:00~23:00', '딜리버리 : 10:00 - 23:00', '킹오더 : 10:00 - 22:45']","['딜리버리', '킹오더']"
부산영도DT점,부산광역시 영도구 태종로 175,070-7462-8568,"['매장 : 연중무휴 (09:00~24:00)', '딜리버리 : 09:00 - 23:59', '킹오더 : 09:00 - 23:45']","['딜리버리', '킹오더', '드라이브스루']"
부산구평DT점,부산광역시 사하구 을숙도대로 767,070-7438-8226,"['매장 : 월~금 : 10:00~23:00 / 토~일 : 09:00~23:00', '딜리버리 : 10:00 - 23:00', '킹오더 : 10:00 - 22:45']","['딜리버리', '킹오더', '드라이브스루']"
부산연산RFS점,부산광역시 연제구 중앙대로 1087,051-868-0332,"['매장 : 연중무휴 (09:00~24:00)', '딜리버리 : 09:00 - 23:59', '킹오더 : 09:00 - 23:45']","['딜리버리', '킹오더']"
부산명지DT점,부산광역시 강서구 명지동 3459,070-7462-8627,"['매장 : 연중무휴 (09:00~24:00)', '딜리버리 : 09:00 - 23:59', '킹오더 : 09:00 - 23:45']","['딜리버리', '킹오더', '드라이브스루']"
부산개금점,부산광역시 부산진구 가야대로 484-1,070-7462-9951,"['매장 : 월~금 (10:00~23:00) / 토,일 (09:00~23:00)', '딜리버리 : 10:00 - 23:00', '킹오더 : 10:00 - 22:45']","['딜리버리', '킹오더']"
부산신평DT점,부산광역시 사하구 을숙도대로 564,070-7438-8224,"['매장 : 연중무휴 (09:00~23:00)', '딜리버리 : 09:00 - 23:00', '킹오더 : 09:00 - 22:45']","['딜리버리', '킹오더', '드라이브스루']"
부산외대점,부산광역시 금정구 금샘로 478,070-7438-6552,"['매장 : 연중무휴 (09:00~24:00)', '딜리버리 : 09:00 - 23:59', '킹오더 : 09:00 - 23:45']","['딜리버리', '킹오더']"
부산하단역점,부산광역시 사하구 낙동남로 1427,070-7462-8578,"['매장 : 월~금 (10:00~24:00) / 토,일 (09:00~24:00)', '딜리버리 : 10:00 - 23:59', '킹오더 : 10:00 - 23:45']","['딜리버리', '킹오더']"
부산오시리아점,부산광역시 기장군 기장읍 동부산관광로 34,051-723-5599,"['매장 :', '딜리버리 :', '킹오더 :']","['딜리버리', '킹오더']"
부산사직점,부산광역시 동래구 사직로 58,070-7462-8664,"['매장 : 월~금 (10:00~23:00) / 토,일 (09:00~23:00)', '딜리버리 : 10:00 - 23:00', '킹오더 : 10:00 - 22:45']","['딜리버리', '킹오더']"
부산수안역점,부산광역시 동래구 충렬대로 194,070-7462-9963,"['매장 : 연중무휴 (10:00~23:00)', '딜리버리 : 10:00 - 23:00', '킹오더 : 10:00 - 22:45']","['딜리버리', '킹오더']"
김해공항DT점,부산광역시 강서구 공항로 779,070-7438-8150,"['매장 : 연중무휴 (09:00~24:00)', '킹오더 : 09:00 - 23:45']","['킹오더', '드라이브스루']"
상인SK점,대구광역시 달서구 월배로 200,053-632-0889,"['매장 : 연중무휴 (09:00~24:00)', '딜리버리 : 09:00 - 23:59', '킹오더 : 09:00 - 23:45']","['딜리버리', '킹오더', '드라이브스루']"
대구율하점,대구광역시 동구 안심로22길 10,053-959-1126,"['매장 : 연중무휴(10:00~22:00)', '딜리버리 : 10:00 - 21:40', '킹오더 : 10:00 - 21:45']","['딜리버리', '킹오더']"
대구만촌점,대구광역시 수성구 달구벌대로 2622,053-741-0208,"['매장 : 연중무휴 (09:00~23:00)', '딜리버리 : 10:00 - 23:00', '킹오더 : 09:00 - 22:45']","['딜리버리', '킹오더', '드라이브스루']"
대구삼성창조캠퍼스점,대구광역시 북구 호암로 51,053-354-0332,"['매장 : 연중무휴 (09:00~23:00)', '딜리버리 : 10:00 - 23:00', '킹오더 : 09:00 - 22:45']","['딜리버리', '킹오더']"
경대병원역SK점,대구광역시 중구 달구벌대로 2194,053-253-0332,"['매장 : Cleaning Day(Close): 매월 첫째주 월요일 02:00~08:00', '딜리버리 : 24시간 운영', '킹오더 : 08:00 - 23:45', '아침메뉴: 04:00 - 11:00']","['딜리버리', '킹오더', '24시간매장', '아침메뉴', '드라이브스루']"
대구지산점,대구광역시 수성구 지범로 159,053-783-1557,"['매장 : 연중무휴(10:00~22:00)', '딜리버리 : 10:00 - 21:45', '킹오더 : 10:00 - 21:45']","['딜리버리', '킹오더']"
대구평리DT점,대구광역시 서구 국채보상로 298,053-566-0332,"['매장 : 연중무휴 (10:00~24:00)', '딜리버리 : 10:00 - 23:59', '킹오더 : 10:00 - 23:45']","['딜리버리', '킹오더', '드라이브스루']"
대구성서이마트점,대구광역시 달서구 이곡동로 24,053-583-1332,"['매장 : 영업시간 (10:00~21:00), 매월 둘째주/넷째주 일요일 휴점', '딜리버리 : 10:00 - 21:00', '킹오더 : 10:00 - 20:45']","['딜리버리', '킹오더']"
대구죽전네거리DT,대구광역시 달서구 달구벌대로 1536,010-9515-5353,"['매장 : 연중무휴(10:00~22:00)', '딜리버리 : 10:00 - 21:45', '킹오더 : 10:00 - 21:45']","['딜리버리', '킹오더', '드라이브스루']"
대구시지점,대구광역시 수성구 신매로19길 46,053-791-0331,"['매장 : 월~금 : 10:00~23:00 / 토~일 : 09:00~23:00', '딜리버리 : 10:00 - 23:00', '킹오더 : 10:00 - 22:45']","['딜리버리', '킹오더']"
대구산격DT점,대구광역시 북구 검단로 29,070-7462-6745,"['매장 : 월~금 : 10:00~23:00 / 토~일 : 09:00~23:00', '딜리버리 : 10:00 - 23:00', '킹오더 : 10:00 - 22:45']","['딜리버리', '킹오더', '드라이브스루']"
대구대명FS점,대구광역시 남구 대명로 89,010-9637-0233,"['매장 : 연중무휴(10:00~22:00)', '딜리버리 : 10:00 - 21:45', '킹오더 : 10:00 - 21:45']","['딜리버리', '킹오더']"
대구중앙로점,대구광역시 중구 중앙대로 398,070-7462-6757,"['매장 : 연중무휴 (10:00~22:00)', '딜리버리 : 10:00 - 22:00', '킹오더 : 10:00 - 21:45']","['딜리버리', '킹오더']"
대구이시아폴리스점,대구광역시 동구 팔공로 49길 51,053-986-7733,"['매장 : 연중무휴(10:00~22:00)', '딜리버리 : 10:00 - 21:45', '킹오더 : 10:00 - 21:45']","['딜리버리', '킹오더']"
대구서재FS점,대구광역시 달성군 다사읍 서재로 66,070-7462-6867,"['매장 : 연중무휴 (10:00~23:00)', '딜리버리 : 10:00 - 23:00', '킹오더 : 10:00 - 22:45']","['딜리버리', '킹오더']"
대구테크노폴리스점,대구광역시 달성군 현풍면 테크노중앙대로 243,053-617-6777,"['매장 : 연중무휴(10:00~22:00)', '딜리버리 : 10:00 - 22:00', '킹오더 : 10:00 - 21:45']","['딜리버리', '킹오더']"
대구칠곡3지구점,대구광역시 북구 팔거천동로 224,010-4417-1199,"['매장 : 연중무휴(10:00~22:00)', '딜리버리 : 10:00 - 21:30', '킹오더 : 10:00 - 21:45']","['딜리버리', '킹오더']"
대구월촌역FS점,대구광역시 달서구 월배로 320,070-7462-6880,"['매장 : 일~목 : 10:00~23:00 / 금~토 : 09:00~23:00', '딜리버리 : 10:00 - 23:00', '킹오더 : 10:00 - 22:45']","['딜리버리', '킹오더']"
대구신서혁신도시DT점,대구광역시 동구 이노밸리로 277,070-7462-8651,"['매장 : 연중무휴 (10:00~23:00)', '딜리버리 : 10:00 - 23:00', '킹오더 : 10:00 - 22:45']","['딜리버리', '킹오더', '드라이브스루']"
대구연경점,대구광역시 북구 동화천로 229,053-262-5000,"['매장 : 연중무휴(10:00~22:00)', '딜리버리 : 10:00 - 22:00', '킹오더 : 10:00 - 21:45']","['딜리버리', '킹오더']"
대구화원점,대구광역시 달성군 화원읍 성화로 2,010-2664-6056,"['매장 : 연중무휴(10:00~22:00)', '딜리버리 : 10:00 - 22:00', '킹오더 : 10:00 - 21:50']","['딜리버리', '킹오더']"
삼산SK점,인천광역시 부평구 장제로 347,032-506-3643,"['매장 : 연중무휴 (10:00~24:00)', '딜리버리 : 10:00 - 23:59', '킹오더 : 10:00 - 23:45']","['딜리버리', '킹오더', '드라이브스루']"
인천작전점,인천광역시 계양구 계양대로 37,032-555-0332,"['매장 : 연중무휴 (09:00~24:00)', '딜리버리 : 10:00 - 23:59', '킹오더 : 09:00 - 23:45']","['딜리버리', '킹오더']"
인천연수점,인천광역시 연수구 용담로 111,032-812-8858,"['매장 : 연중무휴(10:00~22:30)', '딜리버리 : 10:00 - 22:00', '킹오더 : 10:00 - 22:00']","['딜리버리', '킹오더']"
인천구월아시아드SK점,인천광역시 남동구 호구포로 725,032-469-0332,"['매장 : 연중무휴 (09:00~24:00)', '딜리버리 : 10:00 - 23:59', '킹오더 : 09:00 - 23:45']","['딜리버리', '킹오더', '드라이브스루']"
인천송도DT점,인천광역시 연수구 송도과학로 13,032-818-0332,"['매장 : 연중무휴 (09:00~24:00)', '딜리버리 : 09:00 - 23:59', '킹오더 : 09:00 - 23:45']","['딜리버리', '킹오더', '드라이브스루']"
영종하늘도시DT점,인천광역시 중구 자연대로 55,032-747-0340,"['매장 : 연중무휴 (09:00~23:00)', '딜리버리 : 10:00 - 22:59', '킹오더 : 09:00 - 22:45']","['딜리버리', '킹오더', '드라이브스루']"
인천계양구청점,인천광역시 계양구 장제로 804,032-552-0332,"['매장 : 연중무휴 (09:00~23:00)', '딜리버리 : 10:00 - 23:00', '킹오더 : 09:00 - 22:45']","['딜리버리', '킹오더']"
인천청라점,인천광역시 서구 중봉대로 610,032-561-1332,"['매장 : Cleaning Day(Close): 매월 둘째주 월요일 02:00~08:00', '딜리버리 : 24시간 운영', '킹오더 : 08:00 - 23:45', '아침메뉴: 04:00 - 11:00']","['딜리버리', '킹오더', '24시간매장', '아침메뉴']"
인천공항교통센터1점,인천광역시 중구 공항로 271,070-7438-8626,['매장 : 연중무휴 (08:00~20:00)'],['']
인천검단점,인천광역시 서구 검단로 470,070-7462-6724,"['매장 : 연중무휴 (09:00~24:00)', '딜리버리 : 09:00 - 23:59', '킹오더 : 09:00 - 23:45']","['딜리버리', '킹오더']"
인천만수역점,인천광역시 남동구 구월로 376,070-7462-6746,"['매장 : 연중무휴 (10:00~23:00)', '딜리버리 : 10:00 - 23:00', '킹오더 : 10:00 - 22:45']","['딜리버리', '킹오더']"
부평시장역점,인천광역시 부평구 부평대로 90,070-7462-6765,"['매장 : Cleaning Day(Close): 매월 둘째주 금요일 03:00~10:00', '딜리버리 : 24시간 운영', '킹오더 : 08:00 - 23:45', '아침메뉴: 04:00 - 11:00']","['딜리버리', '킹오더', '24시간매장', '아침메뉴']"
인천공항1점,인천광역시 중구 공항로 424번길 47,070-7462-8794,['매장 : 연중무휴 (06:00~22:00)'],['']
인천논현점,인천광역시 남동구 논고개로 61,032-431-0332,"['매장 : 연중무휴 (09:00~24:00)', '딜리버리 : 09:00 - 23:59', '킹오더 : 09:00 - 23:45']","['딜리버리', '킹오더']"
인천완정역점,인천광역시 서구 원당대로 651,070-7462-6858,"['매장 : 연중무휴 (09:00~23:00)', '딜리버리 : 10:00 - 23:00', '킹오더 : 09:00 - 22:50']","['딜리버리', '킹오더']"
송도현대아울렛점,인천광역시 연수구 송도국제대로 123,070-7462-9975,['매장 : 연중무휴 (10:30~21:00)'],['']
인천송도센트럴파크점,인천광역시 연수구 센트럴로 194,032-832-8531,"['매장 : 연중무휴(10:00~23:00)', '딜리버리 : 10:00 - 22:50', '킹오더 : 10:00 - 22:50']","['딜리버리', '킹오더']"
인천연수HP점,"인천광역시 연수구 청능대로 210, 지하1층(동춘동, 홈플러스연수점)",032-815-2176,"['매장 : 연중무휴(10:30~22:00) 2,4째 일요일 (마트휴점)', '딜리버리 : 10:30 - 21:20', '킹오더 : 10:30 - 21:20']","['딜리버리', '킹오더']"
인하대역점,인천광역시 미추홀구 독배로 309,070-7438-6573,"['매장 : 연중무휴 (09:00~24:00)', '딜리버리 : 09:00 - 23:59', '킹오더 : 09:00 - 23:45']","['딜리버리', '킹오더']"
인천주안점,인천광역시 미추홀구 주안로 86,070-7462-6870,"['매장 : Cleaning Day(Close): 매월 둘째주 금요일 03:00~10:00', '딜리버리 : 24시간 운영', '킹오더 : 08:00 - 23:45', '아침메뉴: 04:00 - 11:00']","['딜리버리', '킹오더', '24시간매장', '아침메뉴']"
인천서창SK점,인천광역시 남동구 서창동 728,070-7438-6520,"['매장 : 연중무휴 (09:00~22:00)', '딜리버리 : 10:00 - 22:00', '킹오더 : 09:00 - 21:45']","['딜리버리', '킹오더', '드라이브스루']"
인천도화점,인천광역시 미추홀구 숙골로88번길 12,070-7462-8537,"['매장 : 연중무휴 (09:00~24:00)', '딜리버리 : 10:00 - 23:59', '킹오더 : 09:00 - 23:45']","['딜리버리', '킹오더']"
인천신현점,인천광역시 서구 가정로 375,070-7459-7031,"['매장 : 연중무휴 (09:00~24:00)', '딜리버리 : 10:00 - 23:59', '킹오더 : 09:00 - 23:45']","['딜리버리', '킹오더']"
인천구월점,인천광역시 남동구 인하로 501,070-7459-7060,"['매장 : 연중무휴 (09:00~24:00)', '딜리버리 : 10:00 - 23:59', '킹오더 : 09:00 - 23:45']","['딜리버리', '킹오더']"
송도타임스페이스점,인천광역시 연수구 하모니로 158,070-7462-8679,"['매장 : 연중무휴 (09:00~23:00)', '딜리버리 : 09:00 - 23:00', '킹오더 : 09:00 - 22:45']","['딜리버리', '킹오더']"
인천운서역점,인천광역시 중구 신도시남로142번길 6,070-7459-7029,"['매장 : 연중무휴 (09:00~24:00)', '딜리버리 : 09:00 - 23:59', '킹오더 : 09:00 - 23:45']","['딜리버리', '킹오더']"
부평역점,인천광역시 부평구 부평대로 5,070-7459-7074,"['매장 : 연중무휴 (09:00~24:00)', '딜리버리 : 10:00 - 23:59', '킹오더 : 09:00 - 23:45']","['딜리버리', '킹오더']"
광주주월에스오일점,광주광역시 남구 회재로 1190,070-7438-8609,"['매장 : 연중무휴 (10:00~24:00)', '딜리버리 : 10:00 - 23:59', '킹오더 : 10:00 - 23:59']","['딜리버리', '킹오더', '드라이브스루']"
광주일곡점,광주광역시 북구 설죽로 495,062-573-0305,"['매장 : 연중무휴(10:00~22:00)', '딜리버리 : 10:00 - 22:00', '킹오더 : 10:00 - 21:45']","['딜리버리', '킹오더']"
호남대점,광주광역시 광산구 어등대로 418-1,062-946-7700,"['매장 : 연중무휴(10:00~22:00)', '딜리버리 : 10:00 - 21:30', '킹오더 : 10:00 - 21:30']","['딜리버리', '킹오더']"
광주수완점,광주광역시 광산구 장신로 142,062-953-0233,"['매장 : 연중무휴(10:00~22:00)', '딜리버리 : 11:00 - 22:00', '킹오더 : 10:00 - 21:50']","['딜리버리', '킹오더']"
광주수완DT점,광주광역시 광산구 임방울대로 499,070-7462-6758,"['매장 : 월~금 : 10:00~23:00 / 토~일 : 09:00~ 23:00', '딜리버리 : 10:00 - 23:00', '킹오더 : 10:00 - 22:45']","['딜리버리', '킹오더', '드라이브스루']"
전남대후문점,광주광역시 북구 우치로 76,062-251-0332,"['매장 : Cleaning Day(Close): 매월 넷째주 월요일 02:00~08:00', '딜리버리 : 24시간 운영', '킹오더 : 08:00 - 23:45']","['딜리버리', '킹오더', '24시간매장']"
광주상무점,광주광역시 서구 치평로 106,062-381-0331,"['매장 : 연중무휴(10:00~22:00)', '딜리버리 : 10:30 - 22:00', '킹오더 : 10:00 - 21:45']","['딜리버리', '킹오더']"
광주봉선점,광주광역시 남구 봉선로 180,062-671-0331,"['매장 : 연중무휴(10:00~22:30)', '딜리버리 : 10:00 - 22:30', '킹오더 : 10:00 - 22:00']","['딜리버리', '킹오더']"
광주첨단2지구점,광주광역시 북구 첨단연신로91번길 10,062-574-2457,"['매장 : 연중무휴(10:00~22:00)', '딜리버리 : 10:00 - 21:40', '킹오더 : 10:00 - 21:30']","['딜리버리', '킹오더']"
광주터미널점,광주광역시 서구 무진대로 904,062-363-0332,"['매장 : 연중무휴(11:00~21:30 금,토,일10:00~21:30)', '딜리버리 : 11:00 - 21:00', '킹오더 : 11:00 - 21:00']","['딜리버리', '킹오더']"
광주월계점,광주광역시 광산구 첨단중앙로 104,062-973-5599,"['매장 : 연중무휴(10:00~22:00)', '딜리버리 : 10:00 - 22:00', '킹오더 : 10:00 - 21:45']","['딜리버리', '킹오더']"
광주매곡점,광주광역시 북구 서하로 82,062-571-1200,"['매장 : 연중무휴(10:00~22:00)', '딜리버리 : 10:00 - 22:00', '킹오더 : 10:00 - 21:45']","['딜리버리', '킹오더']"
광주하남점,광주광역시 광산구 풍영철길로 15,062-611-7324,"['매장 : 연중무휴(10:00~22:00)', '딜리버리 : 10:00 - 22:00', '킹오더 : 10:00 - 21:45']","['딜리버리', '킹오더']"
광주효천2지구점,광주광역시 남구 효우2로 34,062-675-0577,"['매장 : 연중무휴(10:00~22:00)', '딜리버리 : 10:00 - 22:00', '킹오더 : 10:00 - 22:00']","['딜리버리', '킹오더']"
광주충장점,광주광역시 동구 충장로 101-4,070-7462-8548,"['매장 : 월~금 (10:00~24:00) / 토,일 (09:00~24:00)', '딜리버리 : 10:00 - 23:59', '킹오더 : 10:00 - 23:45']","['딜리버리', '킹오더']"
광주신창점,광주광역시 광산구 신창로 82,062-953-8996,"['매장 : 연중무휴(10:00~22:00)', '딜리버리 : 10:00 - 22:00', '킹오더 : 10:00 - 21:45']","['딜리버리', '킹오더']"
광주운암점,광주광역시 북구 북문대로 101,070-7462-8654,"['매장 : 연중무휴 (10:00~23:00)', '딜리버리 : 10:00 - 23:00', '킹오더 : 10:00 - 22:45']","['딜리버리', '킹오더']"
대전용문역점,대전광역시 서구 계룡로 630,070-7462-6864,"['매장 : 연중무휴 (10:00~23:00)', '딜리버리 : 10:00 - 23:00', '킹오더 : 10:00 - 22:45']","['딜리버리', '킹오더']"
대전반석DT점,대전광역시 유성구 북유성대로 288,042-825-0410,"['매장 : 연중무휴 (09:00~23:00)', '딜리버리 : 10:00 - 22:59', '킹오더 : 09:00 - 22:45']","['딜리버리', '킹오더', '드라이브스루']"
대전용두DT점,대전광역시 중구 계룡로 853,042-221-0332,"['매장 : 연중무휴 (10:00~24:00)', '딜리버리 : 10:00 - 23:59', '킹오더 : 10:00 - 23:45']","['딜리버리', '킹오더', '드라이브스루']"
대전월평점,대전광역시 서구 월평북로 81,070-7462-6717,"['매장 : 월~금 : 10:00~23:00 / 토~일 : 09:00~23:00', '딜리버리 : 10:00 - 23:00', '킹오더 : 10:00 - 22:45']","['딜리버리', '킹오더']"
대전도안점,대전광역시 서구 동서대로 682,042-825-0282,"['매장 : 연중무휴(10:00~22:00)', '딜리버리 : 10:30 - 21:45', '킹오더 : 10:00 - 21:45']","['딜리버리', '킹오더']"
대전유성온천역점,대전광역시 유성구 대학로 8,070-7462-6759,"['매장 : Cleaning Day(Close): 매월 셋째주 월요일 02:00~08:00', '딜리버리 : 24시간 운영', '킹오더 : 08:00 - 23:45', '아침메뉴: 04:00 - 11:00']","['딜리버리', '킹오더', '24시간매장', '아침메뉴']"
대전관저점,대전광역시 서구 구봉로 147번길 68-12,070-7462-6766,"['매장 : 연중무휴 (10:00~23:00)', '딜리버리 : 10:00 - 23:00', '킹오더 : 10:00 - 22:45']","['딜리버리', '킹오더']"
대전터미널DT점,대전광역시 동구 동서대로 1664,042-624-0332,"['매장 : Cleaning Day(Close): 매월 넷째주 월요일 02:00~08:00', '딜리버리 : 24시간 운영', '킹오더 : 08:00 - 23:45']","['딜리버리', '킹오더', '24시간매장', '드라이브스루']"
대전관평점,대전광역시 유성구 테크노4로 105,042-934-0113,"['매장 : 연중무휴(10:00~21:30)', '딜리버리 : 10:30 - 21:00', '킹오더 : 10:00 - 21:00']","['딜리버리', '킹오더']"
대전시청점,대전광역시 서구 문예로 35,042-489-0331,"['매장 : 연중무휴(월~금 10:00~24:00 / 토,일 09:00~24:00)', '딜리버리 : 10:00 - 23:59', '킹오더 : 10:00 - 23:45']","['딜리버리', '킹오더']"
대전노은역점,대전광역시 유성구 은구비남로33번길 61,070-7462-6875,"['매장 : 월~금 : 10:00~23:00 / 토~일 : 09:00~23:00', '딜리버리 : 10:00 - 23:00', '킹오더 : 10:00 - 22:45']","['딜리버리', '킹오더']"
대전둔산1점,대전광역시 서구 대덕대로 193,070-7462-6805,"['매장 : Cleaning Day(Close): 매월 넷째주 월요일 02:00~08:00', '딜리버리 : 24시간 운영', '킹오더 : 08:00 - 23:45', '아침메뉴: 04:00 - 11:00']","['딜리버리', '킹오더', '24시간매장', '아침메뉴']"
대전현대아울렛점,"대전광역시 유성구 테크노중앙로 123,지상3층3202-2호",042-332-2811,['매장 : 임시 휴점중'],['']
대전대동DT점,대전광역시 동구 계족로 120,070-7462-8639,"['매장 : 연중무휴 (09:00~24:00)', '딜리버리 : 09:00 - 23:59', '킹오더 : 09:00 - 23:45']","['딜리버리', '킹오더', '드라이브스루']"
울산동구오일뱅크점,울산광역시 동구 방어진순환도로 1025,052-232-0331,"['매장 : 연중무휴 (10:00~23:00)', '딜리버리 : 10:00 - 23:00', '킹오더 : 10:00 - 22:45']","['딜리버리', '킹오더', '드라이브스루']"
울산무거점,울산광역시 남구 대학로 157,052-249-0332,"['매장 : 연중무휴 (09:00~23:00)', '딜리버리 : 09:00 - 23:00', '킹오더 : 09:00 - 22:45']","['딜리버리', '킹오더']"
울산우정SK점,울산광역시 중구 북부순환도로 323,052-246-0332,"['매장 : 연중무휴 (09:00~24:00)', '딜리버리 : 09:00 - 23:59', '킹오더 : 09:00 - 23:45']","['딜리버리', '킹오더', '드라이브스루']"
울산신정FS점,울산광역시 남구 봉월로 97,052-268-5888,"['매장 : 연중무휴(10:00~22:00)', '딜리버리 : 10:00 - 21:50', '킹오더 : 10:00 - 21:45']","['딜리버리', '킹오더']"
울산북구청DT점,울산광역시 북구 안기번득길 23,070-7462-6874,"['매장 : 연중무휴 (09:00~23:00)', '딜리버리 : 09:30 - 22:59', '킹오더 : 09:00 - 22:45']","['딜리버리', '킹오더', '드라이브스루']"
울산성남점,울산광역시 중구 만남의거리 15,070-7438-6529,"['매장 : 연중무휴 (10:00~24:00)', '딜리버리 : 10:00 - 23:59', '킹오더 : 10:00 - 23:45']","['딜리버리', '킹오더']"
울산옥동점,울산광역시 남구 문수로 326,070-7438-6558,"['매장 : 연중무휴 (10:00~23:00)', '딜리버리 : 10:00 - 23:00', '킹오더 : 10:00 - 22:45']","['딜리버리', '킹오더']"
울산호계DT점,울산광역시 북구 산업로 1426,070-7462-8544,"['매장 : 연중무휴 (09:00~24:00)', '딜리버리 : 09:00 - 23:59', '킹오더 : 09:00 - 23:45']","['딜리버리', '킹오더', '드라이브스루']"
울산삼산점,울산광역시 남구 삼산로277번길 8,070-7462-8589,"['매장 : 연중무휴 (09:00~24:00)', '딜리버리 : 09:00 - 23:59', '킹오더 : 09:00 - 23:45']","['딜리버리', '킹오더']"
울산구영DT점,울산광역시 울주군 범서읍 구영로 159,052-245-5400,"['매장 : 연중무휴(10:00~22:00)', '딜리버리 : 10:00 - 21:50', '킹오더 : 10:00 - 21:50']","['딜리버리', '킹오더']"
충남대병원DT점,세종특별자치시 보듬5로 6,044-862-7676,"['매장 : 연중무휴(10:00~22:00)', '딜리버리 : 10:00 - 22:00', '킹오더 : 10:00 - 21:45']","['딜리버리', '킹오더', '드라이브스루']"
세종행복새롬점,세종특별자치시 어울로 77세종,044-864-0894,"['매장 : 연중무휴(10:00~22:00)', '딜리버리 : 10:00 - 21:00', '킹오더 : 10:00 - 21:00']","['딜리버리', '킹오더', '드라이브스루']"
세종반곡점,세종특별자치시 한누리대로 1948,070-8848-3955,"['매장 : 연중무휴(10:00~22:00)', '딜리버리 : 10:00 - 21:00', '킹오더 : 10:00 - 21:00']","['딜리버리', '킹오더']"
세종고운점,세종특별자치시 보듬3로 154,070-7438-6515,"['매장 : 월~금 : 10:00~23:00 / 토~일 : 09:00~23:00', '딜리버리 : 10:00 - 23:00', '킹오더 : 10:00 - 22:45']","['딜리버리', '킹오더']"
세종시청점,세종특별자치시 한누리대로 2150,070-7462-8662,"['매장 : 월~금(10:00~22:00), 토,일,공휴일(09:00~22:00)', '딜리버리 : 10:00 - 22:00', '킹오더 : 10:00 - 21:45']","['딜리버리', '킹오더']"
세종조치원DT점,세종특별자치시 세종로 2425,070-7462-8557,"['매장 : 연중무휴 (09:00~23:00)', '딜리버리 : 10:00 - 23:00', '킹오더 : 09:00 - 22:45']","['딜리버리', '킹오더', '드라이브스루']"
분당상록점,경기도 성남시 분당구 정자로 88,031-716-3737,"['매장 : Cleaning Day(Close): 매월 첫째주 월요일 02:00~08:00', '딜리버리 : 24시간 운영', '킹오더 : 08:00 - 23:45', '아침메뉴: 04:00 - 11:00']","['딜리버리', '킹오더', '24시간매장', '아침메뉴']"
화성시청점,경기도 화성시 남양읍 시청로 113,070-7462-6836,"['매장 : 월~금 : 10:00~23:00 / 토~일 : 09:00~23:00', '딜리버리 : 10:00 - 23:00', '킹오더 : 10:00 - 22:45']","['딜리버리', '킹오더']"
배곧아브뉴프랑점,경기도 시흥시 서울대학로 264번길 35,070-7462-6841,"['매장 : 연중무휴 (09:00~24:00)', '딜리버리 : 09:00 - 23:59', '킹오더 : 09:00 - 23:45']","['딜리버리', '킹오더']"
송죽DT점,경기도 수원시 장안구 경수대로 992,031-241-2759,"['매장 : 연중무휴 (10:00~23:00)', '딜리버리 : 10:00 - 23:00', '킹오더 : 10:00 - 22:45']","['딜리버리', '킹오더', '드라이브스루']"
죽전DT점,경기도 용인시 수지구 용구대로 2751,031-272-0331,"['매장 : 연중무휴 (09:00~24:00)', '딜리버리 : 10:00 - 23:00', '킹오더 : 09:00 - 23:45']","['딜리버리', '킹오더', '드라이브스루']"
수지GS점,경기도 용인시 수지구 신수로 781,031-276-0335,"['매장 : 연중무휴 (10:00~22:00)', '딜리버리 : 10:00 - 22:00', '킹오더 : 10:00 - 21:45']","['딜리버리', '킹오더', '드라이브스루']"
분당야탑점,경기도 성남시 분당구 성남대로916번길 11,031-706-0334,"['매장 : 연중무휴 (10:00~24:00)', '딜리버리 : 10:00 - 23:59', '킹오더 : 10:00 - 23:45']","['딜리버리', '킹오더']"
의정부용현DT점,경기도 의정부시 시민로 462,070-7462-6838,"['매장 : 연중무휴 (09:00~23:00)', '딜리버리 : 10:00 - 23:00', '킹오더 : 09:00 - 22:45']","['딜리버리', '킹오더', '드라이브스루']"
수원호매실SK점,경기도 수원시 권선구 서수원로 453,070-7462-6863,"['매장 : 연중무휴 (09:00~24:00)', '딜리버리 : 09:00 - 23:59', '킹오더 : 09:00 - 23:45']","['딜리버리', '킹오더', '드라이브스루']"
김포한강GS점,경기도 김포시 김포한강3로 400,070-7438-8604,"['매장 : 연중무휴 (09:00~24:00)', '딜리버리 : 09:00 - 23:59', '킹오더 : 09:00 - 23:45']","['딜리버리', '킹오더', '드라이브스루']"
평촌학원가점,경기도 안양시 동안구 평촌대로 112,031-386-0332,"['매장 : 연중무휴 (09:00~23:00)', '딜리버리 : 10:00 - 23:00', '킹오더 : 09:00 - 22:45']","['딜리버리', '킹오더']"
평촌금성GS점,경기도 안양시 동안구 시민대로 325,031-423-0332,"['매장 : Cleaning Day(Close): 매월 셋째주 월요일 02:00~08:00', '딜리버리 : 24시간 운영', '킹오더 : 08:00 - 23:45', '아침메뉴: 04:00 - 11:00']","['딜리버리', '킹오더', '24시간매장', '아침메뉴', '드라이브스루']"
금촌역점,경기도 파주시 중앙로 328,031-945-0346,"['매장 : 연중무휴 (09:00~23:00)', '딜리버리 : 09:00 - 23:00', '킹오더 : 09:00 - 22:45']","['딜리버리', '킹오더']"
일산산들SK점,경기도 고양시 일산서구 고양대로 717,031-977-0034,"['매장 : 연중무휴 (09:00~24:00)', '딜리버리 : 09:00 - 23:59', '킹오더 : 09:00 - 23:45']","['딜리버리', '킹오더', '드라이브스루']"
과천중앙점,경기도 과천시 중앙로 129,02-504-0332,"['매장 : 연중무휴 (09:00~22:00)', '딜리버리 : 09:00 - 22:00', '킹오더 : 09:00 - 21:45']","['딜리버리', '킹오더']"
일산마두점,경기도 고양시 일산동구 장백로 194,031-908-5833,"['매장 : 연중무휴 (09:00~24:00)', '딜리버리 : 09:00 - 23:59', '킹오더 : 09:00 - 23:45']","['딜리버리', '킹오더']"
화성능동FS점,경기도 화성시 동탄지성로 190,031-267-0332,"['매장 : 연중무휴 (09:00~24:00)', '딜리버리 : 09:00 - 23:59', '킹오더 : 09:00 - 23:45']","['딜리버리', '킹오더']"
오산원동FS점,경기도 오산시 경기대로 238,031-373-0332,"['매장 : 연중무휴 (10:00~24:00)', '딜리버리 : 10:00 - 23:59', '킹오더 : 10:00 - 23:45']","['딜리버리', '킹오더']"
수원정자점,경기도 수원시 장안구 이목로 24-3,031-271-0332,"['매장 : 연중무휴(10:00~22:00)', '딜리버리 : 10:00 - 22:00', '킹오더 : 10:00 - 21:45']","['딜리버리', '킹오더']"
수원영통점,경기도 수원시 영통구 봉영로 1623,031-205-0335,"['매장 : 연중무휴 (09:00~24:00)', '딜리버리 : 09:00 - 23:59', '킹오더 : 09:00 - 23:45']","['딜리버리', '킹오더']"
광교아브뉴프랑점,경기도 수원시 영통구 센트럴타운로 85,031-212-0360,"['매장 : 연중무휴 (10:00~22:00)', '딜리버리 : 10:00 - 22:00', '킹오더 : 10:00 - 21:45']","['딜리버리', '킹오더']"
부천원종점,경기도 부천시 오정구 소사로 713,032-672-0302,"['매장 : 연중무휴 (09:00~24:00)', '딜리버리 : 10:00 - 23:59', '킹오더 : 09:00 - 23:45']","['딜리버리', '킹오더']"
부천세이브존점,경기도 부천시 원미구 길주로 105,032-322-0203,"['매장 : 연중무휴 (10:00~22:00)', '딜리버리 : 10:00 - 22:00', '킹오더 : 10:00 - 21:45']","['딜리버리', '킹오더']"
일산화정오일뱅크점,경기도 고양시 덕양구 화중로 38,031-938-0332,"['매장 : 연중무휴 (09:00~24:00)', '딜리버리 : 09:00 - 23:59', '킹오더 : 09:00 - 23:45']","['딜리버리', '킹오더', '드라이브스루']"
고양터미널점,경기도 고양시 일산동구 중앙로 1036,070-7462-8799,"['매장 : 연중무휴 (08:00~23:00)', '킹오더 : 10:00 - 22:15']",['킹오더']
지산리조트점,경기도 이천시 마장면 지산로 267,031-638-6779,['매장 : 겨울 시즌 운영'],['']
구리SK점,경기도 구리시 경춘로 196,070-7462-8798,"['매장 : Cleaning Day(Close): 매월 셋째주 월요일 02:00~08:00', '딜리버리 : 24시간 운영', '킹오더 : 08:00 - 23:45', '아침메뉴: 04:00 - 11:00']","['딜리버리', '킹오더', '24시간매장', '아침메뉴', '드라이브스루']"
평택서정점,경기도 평택시 경기대로 1371,031-664-0332,"['매장 : Cleaning Day(Close): 매월 둘째주 월요일 02:00~08:00', '딜리버리 : 24시간 운영', '킹오더 : 08:00 - 23:45', '아침메뉴: 04:00 - 11:00']","['딜리버리', '킹오더', '24시간매장', '아침메뉴']"
수지구청역점,경기도 용인시 수지구 풍덕천로 145,031-264-7332,"['매장 : 월~금 : 10:00~23:00 / 토~일 : 09:00~23:00', '딜리버리 : 10:00 - 23:00', '킹오더 : 10:00 - 22:45']","['딜리버리', '킹오더']"
오산세교에스오일점,경기도 오산시 경기대로 692,070-7462-6732,"['매장 : 연중무휴 (09:00~22:00)', '딜리버리 : 10:00 - 22:00', '킹오더 : 09:00 - 21:45']","['딜리버리', '킹오더', '드라이브스루']"
안양관양점,경기도 안양시 동안구 관악대로 312,070-7462-6734,"['매장 : 연중무휴 (10:00~23:00)', '딜리버리 : 10:00 - 23:00', '킹오더 : 10:00 - 22:45']","['딜리버리', '킹오더']"
주엽역점,경기도 고양시 일산서구 중앙로 1443,070-7462-6736,"['매장 : 월~금 : 10:00~23:00 / 토~일 : 09:00~23:00', '딜리버리 : 10:00 - 23:00', '킹오더 : 10:00 - 22:45']","['딜리버리', '킹오더']"
의정부민락점,경기도 의정부시 천보로 68,070-7462-6741,"['매장 : 연중무휴 (10:00~23:00)', '딜리버리 : 10:00 - 23:00', '킹오더 : 10:00 - 22:45']","['딜리버리', '킹오더']"
의정부DT점,경기도 의정부시 호국로1336번길 1,031-821-0332,"['매장 : Cleaning Day(Close): 매월 셋째주 월요일 02:00~08:00', '딜리버리 : 24시간 운영', '킹오더 : 08:00 - 23:45', '아침메뉴: 04:00 - 11:00']","['딜리버리', '킹오더', '24시간매장', '아침메뉴', '드라이브스루']"
남양주화도DT점,경기도 남양주시 화도읍 경춘로 1718,070-7462-6727,"['매장 : 일~목(09:00~23:00) / 금,토(09:00~24:00)', '딜리버리 : 09:00 - 23:00', '킹오더 : 09:00 - 22:45']","['딜리버리', '킹오더', '드라이브스루']"
광명소하DT점,경기도 광명시 오리로 361,070-7462-6721,"['매장 : 연중무휴 (09:00~23:00)', '딜리버리 : 10:00 - 23:00', '킹오더 : 09:00 - 22:45']","['딜리버리', '킹오더', '드라이브스루']"
하남이마트점,경기도 하남시 덕풍서로 70,031-795-0237,"['매장 : 영업시간 (11:00~21:00), 매월 둘째주, 넷째주 수요일 휴무', '킹오더 : 11:00 - 20:45']",['킹오더']
평택청북점,경기도 평택시 청북읍 청북남로 260,031-684-5353,"['매장 : 연중무휴(10:00~22:00)', '딜리버리 : 10:00 - 21:30', '킹오더 : 10:00 - 21:45']","['딜리버리', '킹오더']"
동탄2신도시SK점,경기도 화성시 동탄순환대로 731,070-7438-8618,"['매장 : 연중무휴 (09:00~24:00)', '딜리버리 : 10:30 - 23:59', '킹오더 : 09:00 - 23:45']","['딜리버리', '킹오더', '드라이브스루']"
분당차병원점,경기도 성남시 분당구 야탑로 64,070-7438-8627,"['매장 : 연중무휴 (09:00~23:00)', '딜리버리 : 09:00 - 22:59', '킹오더 : 09:00 - 22:45']","['딜리버리', '킹오더']"
시흥목감SK점,경기도 시흥시 동서로 996,070-7438-8619,"['매장 : 연중무휴 (09:00~23:00)', '딜리버리 : 10:00 - 23:00', '킹오더 : 09:00 - 22:45']","['딜리버리', '킹오더', '드라이브스루']"
광주경안점,경기도 광주시 경안로 10,031-797-5010,"['매장 : 연중무휴 (10:00~22:00)', '딜리버리 : 11:00 - 21:00', '킹오더 : 10:00 - 21:45']","['딜리버리', '킹오더']"
부천중동점,경기도 부천시 신흥로 163,032-328-0332,"['매장 : Cleaning Day(Close): 매월 셋째주 월요일 02:00~08:00', '딜리버리 : 24시간 운영', '킹오더 : 08:00 - 23:45', '아침메뉴: 04:00 - 11:00']","['딜리버리', '킹오더', '24시간매장', '아침메뉴']"
수원망포점,경기도 수원시 영통구 영통로 108,031-206-0332,"['매장 : 월~금 : 10:00~23:00 / 토~일 : 09:00~23:00', '딜리버리 : 10:00 - 23:00', '킹오더 : 10:00 - 22:45']","['딜리버리', '킹오더']"
수원인계DT점,경기도 수원시 팔달구 경수대로 501,070-7462-6748,"['매장 : 연중무휴 (10:00~22:00)', '딜리버리 : 10:00 - 22:00', '킹오더 : 10:00 - 21:45']","['딜리버리', '킹오더', '드라이브스루']"
남양주진접FS점,경기도 남양주시 진접읍 해밀예당1로 13,070-7462-6768,"['매장 : 연중무휴 (09:00~23:00)', '딜리버리 : 09:00 - 22:59', '킹오더 : 09:00 - 22:45']","['딜리버리', '킹오더']"
용인신갈점,경기도 용인시 기흥구 중부대로 375,031-275-0332,"['매장 : 연중무휴 (10:00~22:00)', '딜리버리 : 10:00 - 22:00', '킹오더 : 10:00 - 21:45']","['딜리버리', '킹오더']"
동탄점,경기도 화성시 동탄반석로 156,031-8015-0131,"['매장 : 연중무휴 (09:00~23:00)', '딜리버리 : 09:00 - 22:59', '킹오더 : 09:00 - 22:45']","['딜리버리', '킹오더']"
안산고잔점,경기도 안산시 단원구 광덕대로 154,031-405-8595,"['매장 : 연중무휴(10:00~22:00)', '딜리버리 : 10:00 - 21:45', '킹오더 : 10:00 - 21:45']","['딜리버리', '킹오더']"
의정부신세계점,경기도 의정부시 평화로 525,031-8082-0254,"['매장 : 연중무휴 (10:30~21:00)', '킹오더 : 10:30 - 20:45']",['킹오더']
의정부HP점,경기도 의정부시 청사로 38,031-850-8080,"['매장 : 연중무휴(10:00~21:00) 2,4째주 일요일(마트휴점)']",['']
일산호수공원,경기도 고양시 일산동구 중앙로1275번길 38-10,031-932-0334,"['매장 : 연중무휴 (09:00~23:00)', '딜리버리 : 09:00 - 22:59', '킹오더 : 09:00 - 22:45']","['딜리버리', '킹오더']"
상록수역점 리모델링(02.20~04.11),경기도 안산시 상록구 용신로 394,031-501-0332,"['매장 : 리모델링(23.02.20~04.11)', '딜리버리 : 24시간 운영', '킹오더 :', '아침메뉴:']","['딜리버리', '킹오더', '24시간매장', '아침메뉴']"
오산궐동점,경기도 오산시 궐동 궐리사로 61,031-377-8595,"['매장 : 월~금(10:00~23:00), 토,일(10:00~22:00)', '딜리버리 : 10:00 - 23:00', '킹오더 : 10:00 - 21:45']","['딜리버리', '킹오더']"
동두천DT점,경기도 동두천시 평화로2261번길 2,070-7462-8789,"['매장 : 연중무휴 (09:00~24:00)', '딜리버리 : 09:00 - 23:59', '킹오더 : 09:00 - 23:59']","['딜리버리', '킹오더', '드라이브스루']"
수원역사점,경기도 수원시 팔달구 덕영대로 924,070-7462-8612,"['매장 : 연중무휴 (08:00~22:00)', '킹오더 : 08:00 - 21:45']",['킹오더']
안성공도DT점,경기도 안성시 공도읍 서동대로 4294,070-7462-6857,"['매장 : 연중무휴 (09:00~23:00)', '딜리버리 : 10:00 - 23:00', '킹오더 : 09:00 - 22:45']","['딜리버리', '킹오더', '드라이브스루']"
분당서현점,경기도 성남시 분당구 분당로53번길 19,031-704-8199,"['매장 : 연중무휴 (09:00~23:00)', '딜리버리 : 10:00 - 23:00', '킹오더 : 09:00 - 22:45']","['딜리버리', '킹오더']"
분당수내점,경기도 성남시 분당구 내정로 167,031-714-5858,"['매장 : 연중무휴 (09:00~22:00)', '딜리버리 : 09:00 - 22:00', '킹오더 : 09:00 - 21:45']","['딜리버리', '킹오더']"
서수원이마트,경기도 수원시 권선구 수인로 291,031-296-0332,"['매장 : 영업시간 (10:00~22:00), 매월 둘째주/넷째주 일요일 단축 운영(11:00~21:00)', '딜리버리 : 10:00 - 21:30', '킹오더 : 10:00 - 21:45']","['딜리버리', '킹오더']"
성남이마트점,경기도 성남시 수정구 수정로 201,031-758-0332,"['매장 : 영업시간 (11:00~21:00), 매월 첫째주/셋째주 일요일 휴점', '킹오더 : 11:00 - 20:45']",['킹오더']
아주대병원점,경기도 수원시 영통구 월드컵로 164,031-215-2256,"['매장 : 월~금 : 08:00~21:00 / 토~일, 공휴일 : 11:00~19:00 / 23년 4월 9일(일) 내부사정으로 인해 휴점', '킹오더 : 08:00 - 20:45']",['킹오더']
수원매탄점,경기도 수원시 영통구 효원로 400,031-211-1882,"['매장 : 연중무휴(10:00~22:00)', '딜리버리 : 11:00 - 21:45', '킹오더 : 11:00 - 21:45']","['딜리버리', '킹오더']"
이천CGV점,경기도 이천시 중리천로 58,031-635-7976,"['매장 : 연중무휴 (09:00~23:00)', '딜리버리 : 10:00 - 23:00', '킹오더 : 09:00 - 22:45']","['딜리버리', '킹오더']"
김포현대아울렛,경기도 김포시 고촌읍 아라육로 152번길 100,031-8048-2503,"['매장 : 연중무휴(10:30~20:00 금,토,일~20:30), 동절기 평일(10:30~20:00)']",['']
부천북부역점,경기도 부천시 부천로 25,070-7462-6777,"['매장 : 연중무휴 (10:00~23:00)', '딜리버리 : 10:00 - 23:00', '킹오더 : 10:00 - 22:45']","['딜리버리', '킹오더']"
용인동백점,경기도 용인시 기흥구 동백5로 23,031-287-8815,"['매장 : 연중무휴(10:00~22:00)', '딜리버리 : 11:00 - 21:40', '킹오더 : 11:00 - 21:40']","['딜리버리', '킹오더']"
평택비전점,경기도 평택시 비전2로 195,031-618-2798,"['매장 : 연중무휴 (10:00~22:00)', '딜리버리 : 10:00 - 22:00', '킹오더 : 10:00 - 21:30']","['딜리버리', '킹오더']"
경기양평점,경기도 양평군 양평읍 양평시장길 18번길 1,031-771-0092,"['매장 : 연중무휴(10:00~22:00)', '딜리버리 : 10:00 - 22:00', '킹오더 : 10:00 - 21:45']","['딜리버리', '킹오더']"
스타필드고양점,경기도 고양시 덕양구 고양대로 1955,070-7438-8238,['매장 : 연중무휴 (10:00~22:00)'],['']
양주덕정FS점,경기도 양주시 독바위로 24,070-7462-6813,"['매장 : 연중무휴 (09:00~23:00)', '딜리버리 : 09:00 - 23:00', '킹오더 : 09:00 - 22:45']","['딜리버리', '킹오더']"
양주고읍DT점,경기도 양주시 고덕로 363,070-7462-6789,"['매장 : 연중무휴 (09:00~24:00)', '딜리버리 : 09:00 - 23:59', '킹오더 : 09:00 - 23:45']","['딜리버리', '킹오더', '드라이브스루']"
화성병점점,경기도 화성시 효행로 1032,070-7462-6878,"['매장 : 월~목 : 10:00~23:00 / 금~일 : 10:00~24:00', '딜리버리 : 10:00 - 23:00', '킹오더 : 10:00 - 22:45']","['딜리버리', '킹오더']"
하남미사점,경기도 하남시 미사강변대로 48,070-7462-6877,"['매장 : Cleaning Day(Close): 매월 셋째주 월요일 02:00~08:00', '딜리버리 : 24시간 운영', '킹오더 : 08:00 - 23:45', '아침메뉴: 04:00 - 11:00']","['딜리버리', '킹오더', '24시간매장', '아침메뉴']"
남양주별내오일뱅크점,경기도 남양주시 송산로 149,070-7462-6871,"['매장 : 연중무휴 (09:00~24:00)', '딜리버리 : 09:00 - 23:59', '킹오더 : 09:00 - 23:45']","['딜리버리', '킹오더', '드라이브스루']"
부천옥길점,경기도 부천시 옥길로 118,070-7462-6884,"['매장 : 월~금 : 10:00~23:00 / 토~일 : 09:00~23:00', '딜리버리 : 10:00 - 23:00', '킹오더 : 10:00 - 22:45']","['딜리버리', '킹오더']"
남양주다산지금점,경기도 남양주시 다산지금로 132,070-7438-6530,"['매장 : 월~금 : 10:00~24:00 / 토~일 : 09:00~24:00', '딜리버리 : 10:00 - 23:59', '킹오더 : 10:00 - 23:45']","['딜리버리', '킹오더']"
산본점,경기도 군포시 산본로 382,031-395-0332,"['매장 : Cleaning Day(Close): 매월 셋째주 월요일 02:00~08:00', '딜리버리 : 24시간 운영', '킹오더 : 08:00 - 23:45', '아침메뉴: 04:00 - 11:00']","['딜리버리', '킹오더', '24시간매장', '아침메뉴']"
김포구래점,경기도 김포시 김포한강4로 513,070-7438-6503,"['매장 : 연중무휴 (09:00~24:00)', '딜리버리 : 09:00 - 23:59', '킹오더 : 09:00 - 23:45']","['딜리버리', '킹오더']"
동탄호수공원레이크꼬모점,경기도 화성시 동탄대로 181,070-7438-6511,"['매장 : 연중무휴 (09:00~23:00)', '딜리버리 : 10:00 - 23:00', '킹오더 : 09:00 - 22:45']","['딜리버리', '킹오더']"
시흥은계점,경기도 시흥시 은계번영길 9,070-7438-6538,"['매장 : 연중무휴 (09:00~24:00)', '딜리버리 : 09:00 - 23:59', '킹오더 : 09:00 - 23:45']","['딜리버리', '킹오더']"
포천축석휴게소FS점,경기도 포천시 소흘읍 호국로 66,070-7438-6545,"['매장 : 월~목 : 10:00~23:00 / 금~일 : 09:00~23:00', '킹오더 : 10:00 - 22:45']",['킹오더']
고양삼송점,경기도 고양시 권율대로 907,070-7438-6561,"['매장 : 월~금 : 10:00~24:00 / 토~일 : 09:00~24:00', '딜리버리 : 10:00 - 23:59', '킹오더 : 10:00 - 23:45']","['딜리버리', '킹오더']"
김포풍무역점,경기도 김포시 유현로 234,070-7438-6560,"['매장 : 연중무휴 (09:00~24:00)', '딜리버리 : 10:00 - 23:59', '킹오더 : 09:00 - 23:45']","['딜리버리', '킹오더']"
송내역점,경기도 부천시 부일로 203,070-7462-6825,"['매장 : 월~금 : 10:00~24:00 / 토~일 : 09:00~24:00', '딜리버리 : 10:00 - 23:59', '킹오더 : 10:00 - 23:45']","['딜리버리', '킹오더']"
안산중앙역점,경기도 안산시 단원구 중앙대로 927,070-7438-8237,"['매장 : 연중무휴 (09:00~23:00)', '딜리버리 : 09:00 - 22:59', '킹오더 : 09:00 - 22:45']","['딜리버리', '킹오더']"
의정부서부역점,경기도 의정부시 신흥로 252,070-7462-6815,"['매장 : 연중무휴 (09:00~23:00)', '딜리버리 : 09:00 - 23:00', '킹오더 : 09:00 - 22:45']","['딜리버리', '킹오더']"
화성봉담점,경기도 화성시 봉담읍 와우로 80,070-7462-6818,"['매장 : 월~금 : 10:00~23:00 / 토~일 : 09:00~23:00', '딜리버리 : 10:00 - 23:00', '킹오더 : 10:00 - 22:45']","['딜리버리', '킹오더']"
파주야당역점,경기도 파주시 소리천로8번길 36,070-7462-6894,"['매장 : 연중무휴 (09:00~24:00)', '딜리버리 : 09:30 - 23:59', '킹오더 : 09:00 - 23:45']","['딜리버리', '킹오더']"
구리갈매점,경기도 구리시 산마루로 24,070-7438-6514,"['매장 : 월~금 : 10:00~23:00 / 토~일 : 09:00~23:00', '딜리버리 : 10:00 - 23:00', '킹오더 : 10:00 - 22:45']","['딜리버리', '킹오더']"
평택고덕신도시GS점,경기도 평택시 고덕면 고덕국제2로 54,070-7438-6562,"['매장 : 연중무휴 (09:00~22:00)', '딜리버리 : 10:00 - 22:00', '킹오더 : 09:00 - 21:45']","['딜리버리', '킹오더', '드라이브스루']"
경기광주태전점,경기도 광주시 태봉로 145-2,070-7462-8512,"['매장 : 연중무휴 (09:00~23:00)', '딜리버리 : 10:00 - 23:00', '킹오더 : 09:00 - 22:45']","['딜리버리', '킹오더']"
아주대삼거리점,경기도 수원시 영통구 중부대로 267,070-7462-8659,"['매장 : 연중무휴 (09:00~24:00)', '딜리버리 : 09:00 - 23:59', '킹오더 : 09:00 - 23:45']","['딜리버리', '킹오더']"
성복역점,경기도 용인시 수지구 성복2로 52,070-7459-7061,"['매장 : 연중무휴 (09:00~24:00)', '딜리버리 : 09:00 - 23:59', '킹오더 : 09:00 - 23:45']","['딜리버리', '킹오더']"
평택안중DT점,경기도 평택시 안중읍 서동대로 1463,070-7459-7021,"['매장 : 연중무휴 (09:00~24:00)', '딜리버리 : 10:00 - 22:00', '킹오더 : 09:00 - 23:45']","['딜리버리', '킹오더', '드라이브스루']"
시흥정왕점,경기도 시흥시 중심상가로 201-11,070-7462-6849,"['매장 : Cleaning Day(Close): 매월 넷째주 월요일 02:00~08:00', '딜리버리 : 24시간 운영', '킹오더 : 08:00 - 23:45', '아침메뉴: 04:00 - 11:00']","['딜리버리', '킹오더', '24시간매장', '아침메뉴']"
성남신흥점,경기도 성남시 수정구 산성대로 305,070-7438-6539,"['매장 : 연중무휴 (09:00~24:00)', '딜리버리 : 09:00 - 23:59', '킹오더 : 09:00 - 23:45']","['딜리버리', '킹오더']"
판교유스페이스점,경기도 성남시 분당구 대왕판교로 660,070-7462-8657,"['매장 : 연중무휴 (09:00~22:00)', '딜리버리 : 10:00 - 22:00', '킹오더 : 09:00 - 21:45']","['딜리버리', '킹오더']"
화성안녕DT점,경기도 화성시 효행로 618,070-7462-8666,"['매장 : 월~금 : 10:00~22:00 / 토~일 : 09:00~22:00', '딜리버리 : 10:00 - 22:00', '킹오더 : 10:00 - 21:45']","['딜리버리', '킹오더', '드라이브스루']"
화성향남DT점,경기도 화성시 향남읍 상신하길로 388,070-7462-9952,"['매장 : 연중무휴 (09:00~24:00)', '딜리버리 : 09:00 - 23:59', '킹오더 : 09:00 - 23:45']","['딜리버리', '킹오더', '드라이브스루']"
평택지제동삭점,경기도 평택시 지제동삭2로 181-26,070-7459-7010,"['매장 : 연중무휴 (09:00~24:00)', '딜리버리 : 09:00 - 23:59', '킹오더 : 09:00 - 23:45']","['딜리버리', '킹오더']"
송산그린시티점,경기도 화성시 수노을2로 7,070-7462-8572,"['매장 : 월~금 : 10:00~22:00 / 토~일 : 09:00~22:00', '딜리버리 : 10:00 - 22:00', '킹오더 : 10:00 - 21:45']","['딜리버리', '킹오더']"
파주운정점,경기도 파주시 와석순환로 133,070-7462-8580,"['매장 : 연중무휴 (09:00~24:00)', '딜리버리 : 09:30 - 23:59', '킹오더 : 09:00 - 23:45']","['딜리버리', '킹오더']"
고양행신역점,경기도 고양시 덕양구 충장로 3,070-7462-8588,"['매장 : 연중무휴 (09:00~24:00)', '딜리버리 : 09:00 - 23:59', '킹오더 : 09:00 - 23:45']","['딜리버리', '킹오더']"
고양덕양FS점,경기도 고양시 덕양구 호국로 1821,070-7462-6800,"['매장 : 연중무휴 (09:00~23:00)', '딜리버리 : 10:00 - 22:59', '킹오더 : 09:00 - 22:45']","['딜리버리', '킹오더']"
평택죽백DT점,경기도 평택시 만세로 1709,070-7462-6814,"['매장 : 연중무휴 (09:00~23:00)', '딜리버리 : 10:30 - 23:00', '킹오더 : 09:00 - 22:45']","['딜리버리', '킹오더', '드라이브스루']"
고양덕이DT점,경기도 고양시 일산서구 경의로 850,070-7462-6885,"['매장 : 연중무휴 (09:00~24:00)', '딜리버리 : 09:00 - 23:59', '킹오더 : 09:00 - 23:45']","['딜리버리', '킹오더', '드라이브스루']"
동탄목동점,경기도 화성시 동탄신리천로 406,070-7462-8771,"['매장 : 월~금 (10:00~23:00) / 토,일 (09:00~23:00)', '딜리버리 : 10:00 - 23:00', '킹오더 : 10:00 - 22:45']","['딜리버리', '킹오더']"
시흥능곡역점,경기도 시흥시 능곡번영길 22,070-7438-8225,"['매장 : 월~목 : 10:00~23:00 / 금~일 : 09:00~24:00', '딜리버리 : 10:00 - 23:00', '킹오더 : 10:00 - 22:45']","['딜리버리', '킹오더']"
미사역파라곤스퀘어점,경기도 하남시 미사강변동로 100-1,070-7461-4753,"['매장 : 연중무휴 (09:00~23:00)', '딜리버리 : 10:00 - 23:00', '킹오더 : 09:00 - 22:45']","['딜리버리', '킹오더']"
평택로데오점,경기도 평택시 평택로32번길 34,070-7462-8571,"['매장 : 연중무휴 (09:00~24:00)', '딜리버리 : 09:00 - 23:59', '킹오더 : 09:00 - 23:45']","['딜리버리', '킹오더']"
안양호계점,경기도 안양시 동안구 경수대로 548,070-7438-8155,"['매장 : 연중무휴 (09:00~23:00)', '딜리버리 : 09:00 - 23:00', '킹오더 : 09:00 - 22:45']","['딜리버리', '킹오더']"
광명철산점,경기도 광명시 오리로 870,070-7459-7017,"['매장 : 연중무휴 (09:00~24:00)', '딜리버리 : 10:00 - 23:00', '킹오더 : 09:00 - 23:45']","['딜리버리', '킹오더']"
수원시청역점,경기도 수원시 팔달구 권광로 173,070-7459-7030,"['매장 : 연중무휴 (09:00~24:00)', '딜리버리 : 09:00 - 23:59', '킹오더 : 09:00 - 23:45']","['딜리버리', '킹오더']"
수원권선점,경기도 수원시 권선구 덕영대로1201번길 34,070-7459-7043,"['매장 : 연중무휴 (09:00~24:00)', '딜리버리 : 09:00 - 23:59', '킹오더 : 09:00 - 23:45']","['딜리버리', '킹오더']"
안산선부역점,경기도 안산시 단원구 선부광장로 23,070-7459-7044,"['매장 : 연중무휴 (09:00~24:00)', '딜리버리 : 09:00 - 23:59', '킹오더 : 09:00 - 23:45']","['딜리버리', '킹오더']"
구리인창점,경기도 구리시 건원대로33번길 4,070-7459-7078,"['매장 : 연중무휴 (09:00~24:00)', '딜리버리 : 10:00 - 23:00', '킹오더 : 09:00 - 23:45']","['딜리버리', '킹오더']"
양주옥정점,경기도 양주시 회천남로 80,070-7459-7063,"['매장 : 연중무휴 (09:00~24:00)', '딜리버리 : 09:00 - 23:59', '킹오더 : 09:00 - 23:45']","['딜리버리', '킹오더']"
춘천온의점,강원도 춘천시 방송길 98-1,070-7462-6848,"['매장 : 연중무휴 (09:00~23:00)', '딜리버리 : 10:00 - 23:00', '킹오더 : 09:00 - 22:45']","['딜리버리', '킹오더']"
속초DT점,강원도 속초시 동해대로 4059,033-638-0334,"['매장 : 일~목 : 09:00~23:00 / 금~토 : 09:00~24:00', '딜리버리 : 10:00 - 23:00', '킹오더 : 09:00 - 22:45']","['딜리버리', '킹오더', '드라이브스루']"
춘천거두GS점,강원도 춘천시 동내면 춘천순환로 59,033-264-0332,"['매장 : 연중무휴 (09:00~24:00)', '딜리버리 : 09:00 - 23:59', '킹오더 : 09:00 - 23:59']","['딜리버리', '킹오더', '드라이브스루']"
강릉교동SK점,강원도 강릉시 하슬라로 159,033-641-0332,"['매장 : 연중무휴 (09:00~23:00)', '딜리버리 : 11:00 - 23:00', '킹오더 : 09:00 - 22:45']","['딜리버리', '킹오더', '드라이브스루']"
원주무실점,강원도 원주시 능라동길 61,033-733-0282,"['매장 : 연중무휴(10:00~22:00)', '딜리버리 : 10:00 - 21:30', '킹오더 : 10:00 - 21:45']","['딜리버리', '킹오더']"
오션월드점,강원도 홍천군 서면 한치골길 262,033-435-0787,['매장 :'],['']
대명비발디점,강원도 홍천군 서면 한치골길 262,033-435-1025,['매장 : 월~금 : 10:00~24:00 / 토~일 : 10:00~02:00'],['']
원주명륜오일뱅크점,강원도 원주시 남원로 505,070-7462-6816,"['매장 : 월~금 : 10:00~23:00 / 토~일 : 09:00~23:00', '딜리버리 : 10:00 - 22:59', '킹오더 : 10:00 - 22:45']","['딜리버리', '킹오더', '드라이브스루']"
원주기업도시점,강원도 원주시 지정면 신지정로 211,033-732-0332,"['매장 : 연중무휴(10:00~22:00)', '딜리버리 : 10:00 - 21:50', '킹오더 : 10:00 - 21:45']","['딜리버리', '킹오더']"
충북진천점,충청북도 진천군 진천읍 상산로 73,043-533-8989,"['매장 : 연중무휴(10:00~22:00)', '딜리버리 : 10:00 - 21:30', '킹오더 : 10:00 - 21:45']","['딜리버리', '킹오더']"
충북대점,충청북도 청주시 서원구 1순환로 665-1,043-271-0332,"['매장 : 연중무휴(10:00~23:00)', '딜리버리 : 10:00 - 22:00', '킹오더 : 10:00 - 22:00']","['딜리버리', '킹오더']"
청주율량점,충청북도 청주시 청원구 충청대로 176,043-211-8595,"['매장 : 연중무휴(10:00~22:00)', '딜리버리 : 10:00 - 21:50', '킹오더 : 10:00 - 21:45']","['딜리버리', '킹오더']"
충주연수점,충청북도 충주시 연수동산로 47,043-853-0700,"['매장 : 연중무휴(10:00~22:00)', '딜리버리 : 10:00 - 21:30', '킹오더 : 10:00 - 21:45']","['딜리버리', '킹오더']"
청주산남점,충청북도 청주시 서원구 산남로 48,043-297-0009,"['매장 : 연중무휴(10:00~22:00)', '딜리버리 : 10:00 - 22:00', '킹오더 : 10:00 - 21:45']","['딜리버리', '킹오더']"
오창호수공원점,충청북도 청원군 오창읍 중심상업로 31-18,043-215-9393,"['매장 : 연중무휴(10:00~22:00)', '딜리버리 : 10:00 - 21:30', '킹오더 : 10:00 - 21:45']","['딜리버리', '킹오더']"
청주터미널점,충청북도 청주시 흥덕구 풍산로 15,043-238-0332,"['매장 : 연중무휴 (09:00~23:00)', '딜리버리 : 09:00 - 22:59', '킹오더 : 09:00 - 22:45']","['딜리버리', '킹오더']"
청주예술의전당오일뱅크점,충청북도 청주시 흥덕구 직지대로 677,070-7462-6866,"['매장 : 연중무휴 (10:00~23:00)', '딜리버리 : 10:00 - 23:00', '킹오더 : 10:00 - 22:45']","['딜리버리', '킹오더', '드라이브스루']"
청주복대점,충청북도 청주시 흥덕구 대농로 47,043-234-8884,"[""매장 : 연중무휴(10:00~22:00), '22년 8월 22일(월) 휴점"", '딜리버리 : 10:00 - 21:30', '킹오더 : 10:00 - 21:45']","['딜리버리', '킹오더']"
청주오송점,충청북도 청주시 흥덕구 오송읍 오송생명로 178,043-235-0411,"['매장 : 연중무휴(10:00~22:00)', '딜리버리 : 10:00 - 22:00', '킹오더 : 10:00 - 21:45']","['딜리버리', '킹오더']"
충북혁신도시점,충청북도 음성군 맹동면 대하2가길 11,043-750-8050,"['매장 : 연중무휴(10:00~22:00)', '딜리버리 : 10:00 - 22:00', '킹오더 : 10:00 - 21:45']","['딜리버리', '킹오더']"
청주동남점,"충청북도 청주시 상당구 중고개로141번길 11-9, 1층 101,102,",043-288-8245,"['매장 : 연중무휴(10:00~22:00)', '딜리버리 : 10:00 - 22:00', '킹오더 : 10:00 - 21:50']","['딜리버리', '킹오더']"
제천CGV점,충청북도 제천시 장평천로 27-13(강제동),043-645-0332,"['매장 : 연중무휴(10:00~22:00)', '딜리버리 : 10:00 - 21:30', '킹오더 : 10:00 - 21:30']","['딜리버리', '킹오더']"
충주호암FS점,충청북도 충주시 사천개6길 4(호암동),010-3413-6100,"['매장 : 연중무휴 (10:00~22:00)', '딜리버리 : 10:00 - 21:30', '킹오더 : 10:00 - 21:50']","['딜리버리', '킹오더']"
서산호수공원점,충청남도 서산시 호수공원6로 72,041-663-5544,"['매장 : 연중무휴(10:00~22:00)', '딜리버리 : 09:30 - 22:00', '킹오더 : 09:30 - 22:00']","['딜리버리', '킹오더']"
천안두정점,충청남도 천안시 서북구 두정로 156,041-566-0332,"['매장 : 연중무휴(10:00~22:00)', '딜리버리 : 10:00 - 22:00', '킹오더 : 10:00 - 21:45']","['딜리버리', '킹오더']"
당진읍내점,충청남도 당진시 당진중앙1로 95,041-352-9133,"['매장 : 연중무휴(10:00~22:00)', '딜리버리 : 11:00 - 22:00']",['딜리버리']
천안쌍용대로DT점,충청남도 천안시 동남구 쌍용대로 94,041-573-8721,"['매장 : 연중무휴(10:00~24:00)', '딜리버리 : 10:00 - 23:59', '킹오더 : 10:00 - 23:45']","['딜리버리', '킹오더', '드라이브스루']"
충남도청점,충청남도 홍성군 청사로174번길 2,041-635-0799,"['매장 : 연중무휴(10:00~22:00)', '딜리버리 : 11:00 - 21:00', '킹오더 : 11:00 - 21:00']","['딜리버리', '킹오더']"
천안불당점,충청남도 천안시 서북구 불당25로 176,070-7462-6790,"['매장 : 연중무휴 (10:00~22:00)', '딜리버리 : 10:00 - 22:00', '킹오더 : 10:00 - 21:45']","['딜리버리', '킹오더']"
보령동대점,충청남도 보령시 한내로 16,041-936-6900,"['매장 : 연중무휴(10:00~22:00)', '딜리버리 : 10:00 - 21:30', '킹오더 : 10:00 - 21:45']","['딜리버리', '킹오더']"
천안원성DT점,충청남도 천안시 동남구 충절로 170,070-7438-6563,"['매장 : 연중무휴 (09:00~24:00)', '딜리버리 : 09:00 - 23:59', '킹오더 : 09:00 - 23:45']","['딜리버리', '킹오더', '드라이브스루']"
천안성성점,충청남도 천안시 서북구 성성8로 2-11,041-555-7474,"['매장 : 연중무휴(10:00~22:00)', '딜리버리 : 10:00 - 22:00', '킹오더 : 10:00 - 22:00']","['딜리버리', '킹오더']"
논산건양대점,충청남도 논산시 대학로 104,041-732-9900,"['매장 : 연중무휴(10:00~22:00)', '킹오더 : 10:00 - 21:40']",['킹오더']
태안터미널점,충청남도 태안군 태안읍 동백로 291-3,041-673-2660,"['매장 : 연중무휴(10:00~22:00)', '딜리버리 : 10:30 - 21:30', '킹오더 : 10:00 - 21:30']","['딜리버리', '킹오더']"
계룡엄사점,충청남도 계룡시 엄사면 계룡대로 524,042-710-8272,"['매장 : 연중무휴(10:00~22:00)', '딜리버리 : 10:00 - 21:00', '킹오더 : 10:00 - 21:50']","['딜리버리', '킹오더']"
아산배방DT점,충청남도 아산시 배방읍 배방로 183,070-7459-7019,"['매장 : 연중무휴 (09:00~24:00)', '딜리버리 : 09:00 - 23:59', '킹오더 : 09:00 - 23:45']","['딜리버리', '킹오더', '드라이브스루']"
아산둔포점,충청남도 아산시 둔포면 중앙공원로 52,041-545-1425,['매장 :'],['']
군산나운FS점,전라북도 군산시 대학로 362(나운동),063-464-2626,"['매장 :', '딜리버리 : 10:00 - 22:00', '킹오더 : 10:00 - 21:45']","['딜리버리', '킹오더']"
전북도청점,전라북도 전주시 완산구 효자로 194,063-224-0332,"['매장 : 연중무휴(10:00~22:00)', '딜리버리 : 10:00 - 22:00', '킹오더 : 10:00 - 21:45']","['딜리버리', '킹오더']"
전주서신대광SK점,전라북도 전주시 완산구 서신로 56,063-272-0332,"['매장 : 연중무휴 (10:00~24:00)', '딜리버리 : 10:00 - 23:59', '킹오더 : 10:00 - 23:45']","['딜리버리', '킹오더', '드라이브스루']"
정읍중앙점,전라북도 정읍시 남북로 28,010-8370-3246,"['매장 : 연중무휴(10:00~22:00)', '딜리버리 : 10:00 - 22:00', '킹오더 : 10:00 - 21:45']","['딜리버리', '킹오더']"
군산조촌DT점,전라북도 군산시 번영로 143,070-7438-8612,"['매장 : 일~수(09:00~23:00) / 목~토(09:00~24:00)', '딜리버리 : 09:00 - 23:00', '킹오더 : 09:00 - 22:45']","['딜리버리', '킹오더', '드라이브스루']"
원광대점,전라북도 익산시 무왕로 893,063-851-0111,"['매장 : 연중무휴(10:00~22:00)', '딜리버리 : 10:00 - 22:00', '킹오더 : 10:00 - 21:45']","['딜리버리', '킹오더']"
전북대점,전라북도 전주시 덕진구 권삼득로 295,063-223-4300,"['매장 : 연중무휴(10:00~22:00)', '딜리버리 : 10:00 - 21:30', '킹오더 : 10:00 - 21:45']","['딜리버리', '킹오더']"
전주만성SK점,전라북도 전주시 덕진구 온고을로 441,070-7462-6770,"['매장 : 월~금 : 10:00~23:00 / 토~일 : 09:00~23:00', '딜리버리 : 10:00 - 23:00', '킹오더 : 10:00 - 22:45']","['딜리버리', '킹오더', '드라이브스루']"
군산수송점,전라북도 군산시 월명로 262,063-466-1155,"['매장 : 연중무휴(10:00~22:00)', '딜리버리 : 10:00 - 22:00', '킹오더 : 10:00 - 22:00']","['딜리버리', '킹오더']"
익산영등점,전라북도 익산시 무왕로 1068,063-836-7447,"['매장 : 연중무휴(10:00~21:30)', '딜리버리 : 10:00 - 22:00', '킹오더 : 10:00 - 21:00']","['딜리버리', '킹오더']"
전주중앙점,전라북도 전주시 완산구 팔달로 225,063-278-1505,"['매장 : 연중무휴(10:00~22:00)', '딜리버리 : 10:00 - 22:00', '킹오더 : 10:00 - 21:45']","['딜리버리', '킹오더']"
전주송천DT점,전라북도 전주시 덕진구 동부대로 1030,070-7462-6794,"['매장 : 연중무휴 (10:00~23:00)', '딜리버리 : 10:00 - 23:00', '킹오더 : 10:00 - 22:45']","['딜리버리', '킹오더', '드라이브스루']"
익산모현FS점,전라북도 익산시 배산로 16길 2,063-843-9990,"['매장 : 연중무휴(10:00~22:00)', '딜리버리 : 10:00 - 22:00', '킹오더 : 10:00 - 21:50']","['딜리버리', '킹오더']"
전주인후DT점,전라북도 전주시 덕진구 안덕원로 307,070-7462-8556,"['매장 : 연중무휴 (09:00~24:00)', '딜리버리 : 09:00 - 23:59', '킹오더 : 09:00 - 23:45']","['딜리버리', '킹오더', '드라이브스루']"
익산부송점,전라북도 익산시 무왕로 1195,063-838-1100,"['매장 : 연중무휴(10:00~22:00)', '딜리버리 : 10:00 - 22:00', '킹오더 : 10:00 - 21:45']","['딜리버리', '킹오더']"
전북부안점,전라북도 부안군 부안읍 오리정로 142,063-581-7900,"['매장 : 연중무휴 (10:00~22:00)', '딜리버리 : 10:00 - 22:00', '킹오더 : 10:00 - 21:50']","['딜리버리', '킹오더']"
광양중동점,전라남도 광양시 중마중앙로 65,061-794-0031,"['매장 : 연중무휴(10:00~22:00)', '딜리버리 : 11:00 - 20:30', '킹오더 : 10:00 - 21:00']","['딜리버리', '킹오더']"
전남도청점,전라남도 무안군 삼향읍 남악3로 71,061-285-6356,"['매장 : 연중무휴(10:00~22:00)', '딜리버리 : 10:00 - 22:00', '킹오더 : 10:00 - 21:45']","['딜리버리', '킹오더']"
나주빛가람점,전라남도 나주시 전력로 2,061-333-5597,"['매장 : 연중무휴(10:00~22:00)', '딜리버리 : 10:00 - 22:00', '킹오더 : 10:00 - 21:45']","['딜리버리', '킹오더']"
목포하당점,전라남도 목포시 비파로 50,061-287-6356,"['매장 : 연중무휴(10:00~22:00)', '딜리버리 : 10:00 - 22:00', '킹오더 : 10:00 - 21:45']","['딜리버리', '킹오더']"
광양LF스퀘어점,전라남도 광양시 광양읍 순광로 466 LF스퀘어,061-815-4902,"['매장 : 연중무휴(11:00~21:00)', '딜리버리 : 11:00 - 20:00', '킹오더 : 11:00 - 20:30']","['딜리버리', '킹오더']"
순천법원점,전라남도 순천시 왕지로 8-1,061-727-6006,"['매장 : 연중무휴(10:00~22:00)', '딜리버리 : 10:00 - 21:30', '킹오더 : 10:00 - 21:30']","['딜리버리', '킹오더']"
여수웅천점,전라남도 여수시 예울마루로 37-15,061-685-0282,"['매장 : 연중무휴(10:00~22:00)', '딜리버리 : 10:00 - 21:00', '킹오더 : 10:00 - 21:45']","['딜리버리', '킹오더']"
순천신대점,전라남도 순천시 해룡면 향매로 71,061-723-5162,"['매장 : 연중무휴(10:00~22:00)', '딜리버리 : 10:00 - 21:30', '킹오더 : 10:00 - 21:30']","['딜리버리', '킹오더']"
김천혁신도시점,경상북도 김천시 혁신3로 17,054-433-6709,"['매장 : 연중무휴(10:00~22:00)', '딜리버리 : 11:00 - 21:30', '킹오더 : 10:00 - 21:45']","['딜리버리', '킹오더']"
포항버스터미널점,경상북도 포항시 남구 중흥로 96,054-274-0332,"['매장 : 연중무휴 (08:00~23:00)', '딜리버리 : 10:00 - 23:00', '킹오더 : 08:00 - 22:45']","['딜리버리', '킹오더']"
포항법원앞DT점,경상북도 포항시 북구 신덕로 257,054-256-0332,"['매장 : 연중무휴 (10:00~24:00)', '딜리버리 : 10:00 - 23:59', '킹오더 : 10:00 - 23:45']","['딜리버리', '킹오더', '드라이브스루']"
구미인의점,경상북도 구미시 인동중앙로 16,054-472-7433,"['매장 : 연중무휴(10:00~22:00)', '딜리버리 : 10:00 - 21:30', '킹오더 : 10:00 - 21:30']","['딜리버리', '킹오더']"
경주보문점,경상북도 경주시 엑스포로 80,070-8801-5704,"['매장 : 연중무휴(10:00~21:00)', '딜리버리 : 10:00 - 21:00', '킹오더 : 10:00 - 20:45']","['딜리버리', '킹오더']"
경산하양오일뱅크점,경상북도 경산시 대경로 559,053-851-2608,"['매장 : 연중무휴 (10:00~23:00)', '딜리버리 : 10:00 - 23:00', '킹오더 : 10:00 - 22:45']","['딜리버리', '킹오더', '드라이브스루']"
경북도청점,경상북도 안동시 검무로 4-8,054-900-5655,"['매장 : 연중무휴(10:00~22:00)', '딜리버리 : 10:00 - 21:30', '킹오더 : 10:00 - 21:45']","['딜리버리', '킹오더']"
포항철강단지SK점,경상북도 포항시 남구 대송로 290,070-7462-6722,"['매장 : 연중무휴 (09:00~23:00)', '딜리버리 : 09:00 - 22:59', '킹오더 : 09:00 - 22:45']","['딜리버리', '킹오더', '드라이브스루']"
구미시청FS점,경상북도 구미시 송정대로 40,070-7438-8218,"['매장 : 연중무휴 (10:00~23:00)', '딜리버리 : 10:00 - 23:00', '킹오더 : 10:00 - 22:45']","['딜리버리', '킹오더']"
대구대점,경상북도 경산시 대구대로 201,053-852-2254,"['매장 : 학기중(10:00~19:00), 방학기간(11:00~15:00, 토,일요일 공휴일 휴점)']",['']
구미신평점,경상북도 구미시 구미대로 409,054-461-7997,"['매장 : 연중무휴(10:00~22:00)', '딜리버리 : 10:00 - 22:00', '킹오더 : 10:00 - 21:45']","['딜리버리', '킹오더']"
구미도량DT점,경상북도 구미시 야은로 320,070-7462-6706,"['매장 : 연중무휴 (09:00~22:00)', '딜리버리 : 09:00 - 22:00', '킹오더 : 09:00 - 21:45']","['딜리버리', '킹오더', '드라이브스루']"
경산진량DT점,경상북도 경산시 진량읍 다문로 53,070-7462-6756,"['매장 : 연중무휴 (10:00~23:00)', '딜리버리 : 10:00 - 22:59', '킹오더 : 10:00 - 22:45']","['딜리버리', '킹오더', '드라이브스루']"
안동중앙점,경상북도 안동시 문화광장길 40-6,054-842-1177,"['매장 : 연중무휴(10:00~22:00)', '딜리버리 : 10:00 - 21:30', '킹오더 : 10:00 - 21:30']","['딜리버리', '킹오더']"
경산사동점,경상북도 경산시 백자로 55,053-815-2244,"['매장 : 연중무휴(10:00~22:00)', '딜리버리 : 11:00 - 22:00', '킹오더 : 10:00 - 21:45']","['딜리버리', '킹오더']"
경북상주점,경상북도 상주시 중앙로 186-2,054-534-2227,"['매장 : 연중무휴(10:00~22:00)', '딜리버리 : 11:00 - 21:30', '킹오더 : 10:00 - 21:30']","['딜리버리', '킹오더']"
경주터미널FS점,경상북도 경주시 강변로 158-3,070-7438-6505,"['매장 : 연중무휴 (09:00~24:00)', '딜리버리 : 09:00 - 23:59', '킹오더 : 09:00 - 23:45']","['딜리버리', '킹오더']"
안동옥동점,경상북도 안동시 경북대로 381,054-857-6677,"['매장 : 연중무휴(10:00~22:00)', '딜리버리 : 10:00 - 21:45', '킹오더 : 10:00 - 21:30']","['딜리버리', '킹오더']"
한동대점,경상북도 포항시 북구 흥해읍 한동로 558,070-4140-0109,"['매장 : 학기중(11:00~20:00), 방학기간(11:00~19:00, 일요일 휴점)']",['']
경북영주가흥점,경상북도 영주시 대동로 24,054-632-5989,"['매장 : 연중무휴(10:00~22:00)', '딜리버리 : 09:30 - 21:30', '킹오더 : 09:30 - 21:30']","['딜리버리', '킹오더']"
경주용강DT점,경상북도 경주시 산업로 4494,070-7462-8519,"['매장 : 월~금 : 10:00~23:00 / 토~일 : 09:00~23:00', '딜리버리 : 10:00 - 23:00', '킹오더 : 10:00 - 22:45']","['딜리버리', '킹오더', '드라이브스루']"
김천교동DT점,경상북도 김천시 대학로 75(교동),010-2390-9067,"['매장 : 연중무휴(10:00~22:00)', '딜리버리 : 10:00 - 22:00', '킹오더 : 10:00 - 21:45']","['딜리버리', '킹오더', '주차가능', '드라이브스루']"
구미산동점,경상북도 구미시 산동읍 신당1로2길 7,054-474-6709,"['매장 : 연중무휴(10:00~22:00)', '딜리버리 : 10:00 - 22:00', '킹오더 : 10:00 - 22:00']","['딜리버리', '킹오더']"
포항두호DT점,경상북도 포항시 북구 두호로 39,070-7462-8629,"['매장 : 연중무휴 (09:00~24:00)', '딜리버리 : 09:00 - 23:59', '킹오더 : 09:00 - 23:45']","['딜리버리', '킹오더', '드라이브스루']"
포항공대점,경상북도 포항시 남구 청암로 77,054-279-2585,"['매장 : 연중무휴(10:00~20:30)', '킹오더 : 10:00 - 20:00']",['킹오더']
경북왜관점,"경상북도 칠곡군 왜관읍 중앙로 86, 1층",010-5339-6709,"['매장 : 연중무휴(10:00~22:00)', '딜리버리 : 10:30 - 21:30', '킹오더 : 10:00 - 21:50']","['딜리버리', '킹오더']"
포항대도DT점,경상북도 포항시 남구 희망대로 843,070-7459-7018,"['매장 : 연중무휴 (09:00~24:00)', '딜리버리 : 09:00 - 23:59', '킹오더 : 09:00 - 23:45']","['딜리버리', '킹오더', '드라이브스루']"
구미상모사곡점,경상북도 구미시 상사서로 164(사곡동),,['매장 :'],['']
영천DT점,경상북도 영천시 조교동 695-2,070-7459-7024,"['매장 : 연중무휴 (09:00~24:00)', '딜리버리 : 09:00 - 23:59', '킹오더 : 09:00 - 23:45']","['딜리버리', '킹오더', '드라이브스루']"
창원상남FS점,경상남도 창원시 성산구 마디미로3번길 18,070-7438-8228,"['매장 : Cleaning Day(Close): 매월 둘째주 월요일 02:00~08:00', '딜리버리 : 24시간 운영', '킹오더 : 08:00 - 23:45', '아침메뉴: 04:00 - 11:00']","['딜리버리', '킹오더', '24시간매장', '아침메뉴']"
거제옥포점,경상남도 거제시 옥포로 161,055-688-5533,"['매장 : 연중무휴(10:00~22:00)', '딜리버리 : 10:00 - 22:00', '킹오더 : 10:00 - 21:45']","['딜리버리', '킹오더']"
마산내서삼계SK점,경상남도 창원시 마산회원구 내서읍 경남대로 941,055-231-0332,"['매장 : 연중무휴 (11:00~21:00)', '딜리버리 : 11:00 - 21:00', '킹오더 : 11:00 - 20:45']","['딜리버리', '킹오더', '드라이브스루']"
경남대점,경상남도 창원시 마산합포구 해안대로 6,055-222-6661,['매장 : 연중무휴(10:00~22:00)'],['']
김해아이스퀘어몰점,경상남도 김해시 김해대로 2352,055-327-0700,"['매장 : 연중무휴(10:00~22:00)', '딜리버리 : 10:00 - 22:00', '킹오더 : 10:00 - 21:45']","['딜리버리', '킹오더']"
거제수월점,경상남도 거제시 수양로 471,055-634-1116,"['매장 : 연중무휴(10:00~22:00)', '딜리버리 : 10:00 - 21:45', '킹오더 : 10:00 - 21:30']","['딜리버리', '킹오더']"
김해장유DT점,경상남도 김해시 반룡로 70,070-7462-6714,"['매장 : 연중무휴 (09:00~23:00)', '딜리버리 : 09:00 - 22:59', '킹오더 : 09:00 - 22:45']","['딜리버리', '킹오더', '드라이브스루']"
김해내외점,경상남도 김해시 함박로 102,070-7462-6776,"['매장 : 연중무휴 (10:00~23:00)', '딜리버리 : 10:00 - 23:00', '킹오더 : 10:00 - 22:45']","['딜리버리', '킹오더']"
양산석산SK점,경상남도 양산시 동면 양산대로 414,070-7462-6740,"['매장 : 월~금 : 10:00~23:00 / 토~일 : 09:00~23:00', '딜리버리 : 10:00 - 23:00', '킹오더 : 10:00 - 22:45']","['딜리버리', '킹오더', '드라이브스루']"
양산웅상DT점,경상남도 양산시 웅상대로 1204,070-7462-6749,"['매장 : 연중무휴 (10:00~23:00)', '딜리버리 : 10:00 - 23:00', '킹오더 : 10:00 - 22:45']","['딜리버리', '킹오더', '드라이브스루']"
인제대점,경상남도 김해시 인제로 197 인제대학교,055-320-4049,"['매장 : 평일 (10:00~20:00) , 주말휴점', '딜리버리 : 10:00 - 20:00', '킹오더 : 10:00 - 19:30']","['딜리버리', '킹오더']"
거제고현점,경상남도 거제시 서문로5길 6,055-632-5989,"['매장 : 연중무휴(10:00~22:00)', '딜리버리 : 10:00 - 22:00', '킹오더 : 10:00 - 22:00']","['딜리버리', '킹오더']"
동김해DT점,경상남도 김해시 김해대로 2499,070-7438-6506,"['매장 : 연중무휴 (09:00~24:00)', '딜리버리 : 09:00 - 23:59', '킹오더 : 09:00 - 23:45']","['딜리버리', '킹오더', '드라이브스루']"
진주혁신도시점,경상남도 진주시 사들로 97,055-761-6363,"['매장 : 연중무휴(10:00~22:00)', '딜리버리 : 10:00 - 21:45', '킹오더 : 10:00 - 21:45']","['딜리버리', '킹오더']"
김해삼계점,경상남도 김해시 가야로 178,055-325-1500,"['매장 : 연중무휴(10:00~22:00)', '딜리버리 : 10:00 - 21:50', '킹오더 : 10:00 - 21:50']","['딜리버리', '킹오더']"
경남사천점,경상남도 사천시 사천읍 옥산로 30,055-854-5354,"['매장 : 연중무휴(10:00~22:00)', '딜리버리 : 10:00 - 21:30', '킹오더 : 10:00 - 21:45']","['딜리버리', '킹오더']"
진주경상대점,경상남도 진주시 진주대로 540,055-756-5658,"['매장 : 연중무휴(11:00~21:00)', '딜리버리 : 11:00 - 20:45', '킹오더 : 11:00 - 20:45']","['딜리버리', '킹오더']"
진해충무DT점,경상남도 창원시 진해구 충장로 103,070-7462-6771,"['매장 : 연중무휴 (09:00~22:00)', '딜리버리 : 11:00 - 22:00', '킹오더 : 09:00 - 21:45']","['딜리버리', '킹오더', '드라이브스루']"
양산물금DT점,경상남도 양산시 물금읍 황산로 372,070-7462-6873,"['매장 : 연중무휴 (09:00~23:00)', '딜리버리 : 09:00 - 23:00', '킹오더 : 09:00 - 22:45']","['딜리버리', '킹오더', '드라이브스루']"
마산회원FS점,경상남도 창원시 마산회원구 315대로 522,070-7462-6872,"['매장 : 월~금 : 10:00~22:00 / 토~일 : 09:00~22:00', '딜리버리 : 10:00 - 22:00', '킹오더 : 10:00 - 21:45']","['딜리버리', '킹오더']"
진주평거점,경상남도 진주시 진양호로 221,070-7462-6879,"['매장 : 연중무휴 (10:00~23:00)', '딜리버리 : 10:00 - 23:00', '킹오더 : 10:00 - 22:45']","['딜리버리', '킹오더']"
창원광장점,경상남도 창원시 성산구 용지로133번길 3,070-7462-6824,"['매장 : 연중무휴 (10:00~23:00)', '딜리버리 : 10:00 - 23:00', '킹오더 : 10:00 - 22:45']","['딜리버리', '킹오더']"
경남삼천포점,경상남도 사천시 주공로 41,055-832-8585,"['매장 : 연중무휴(10:00~22:00)', '딜리버리 : 10:00 - 21:45', '킹오더 : 10:00 - 21:45']","['딜리버리', '킹오더']"
서김해DT점,경상남도 김해시 서김해산단안길 100,070-7459-7015,"['매장 : 연중무휴 (09:00~24:00)', '딜리버리 : 09:00 - 23:59', '킹오더 : 09:00 - 23:45']","['딜리버리', '킹오더', '드라이브스루']"
진해신항DT점,경상남도 창원시 진해구 신항4로 41-31,070-7461-4705,"['매장 : 연중무휴 (09:00~24:00)', '딜리버리 : 09:00 - 23:59', '킹오더 : 09:00 - 23:45']","['딜리버리', '킹오더', '드라이브스루']"
진해자은DT점,경상남도 창원시 진해구 진해대로 940,070-7462-8637,"['매장 : 연중무휴 (09:00~24:00)', '딜리버리 : 09:00 - 23:59', '킹오더 : 09:00 - 23:45']","['딜리버리', '킹오더', '드라이브스루']"
김해구산DT점,경상남도 김해시 김해대로 1928,070-7462-8761,"['매장 : 월~금 : 10:00~22:00 / 토~일 : 09:00~22:00', '딜리버리 : 10:00 - 22:00', '킹오더 : 10:00 - 21:45']","['딜리버리', '킹오더', '드라이브스루']"
경남거창점,경상남도 거창군 거창읍 거열로 106,055-942-6660,"['매장 : 연중무휴(10:00~22:00)', '딜리버리 : 10:00 - 21:45', '킹오더 : 10:00 - 21:45']","['딜리버리', '킹오더']"
김해진영FS점,경상남도 김해시 진영읍 김해대로 386-5,070-7438-6553,"['매장 : 연중무휴 (09:00~24:00)', '딜리버리 : 10:00 - 23:59', '킹오더 : 09:00 - 23:45']","['딜리버리', '킹오더']"
진주하대DT점,경상남도 진주시 대신로 345,070-7459-7020,"['매장 : 연중무휴 (09:00~24:00)', '딜리버리 : 09:00 - 23:59', '킹오더 : 09:00 - 23:45']","['딜리버리', '킹오더', '드라이브스루']"
제주노형점,제주특별자치도 제주시 도령로 20,070-7462-8541,"['매장 : 연중무휴 (09:00~24:00)', '딜리버리 : 09:00 - 23:59', '킹오더 : 09:00 - 23:45']","['딜리버리', '킹오더']"
제주함덕DT점,제주특별자치도 제주시 조천읍 일주동로 1186,070-7459-7016,"['매장 : 연중무휴 (09:00~22:00)', '딜리버리 : 10:00 - 22:00', '킹오더 : 09:00 - 21:45']","['딜리버리', '킹오더', '드라이브스루']"
