영천,경상북도 영천시 동부로 52,-,08:00 - 22:00,APP-패스트썹APP-홈썹주차가능배달가능아침메뉴단체주문
마산삼계롯데마트,"경상남도 창원시 마산회원구 내서읍 경남대로 927, 1층",-,10:00 - 22:00,APP-패스트썹APP-홈썹주차가능배달가능아침메뉴단체주문
구미LGD,경상북도 구미시 3공단2로 174,-,06:00 - 20:00,APP-패스트썹아침메뉴단체주문
수원정자,"경기 수원시 장안구 정자천로 173번길 11-7, 101호 일부, 102호(정자동)",031-271-3161,08:00 - 23:00,APP-패스트썹APP-홈썹배달가능아침메뉴단체주문
평택동삭,경기도 평택시 지제동삭2로 181-40,031-647-9678,08:00 - 23:00,APP-패스트썹APP-홈썹배달가능아침메뉴단체주문그릴드랩
경기광주경안,경기도 광주시 중앙로 83 1F,031-797-7242,08:00 - 23:00,APP-패스트썹APP-홈썹배달가능아침메뉴단체주문시그니처랩
군산롯데몰,전라북도 군산시 조촌로 130,063-466-9711,10:30 - 21:00,APP-패스트썹APP-홈썹배달가능아침메뉴단체주문그릴드랩
제주노형,제주특별자치도 제주시 1100로 3347 세기트라이빌딩 1층,064-749-7739,08:00 - 23:00,컵 보증금APP-패스트썹APP-홈썹배달가능아침메뉴단체주문시그니처랩
신대방삼거리,서울시 동작구 상도동 348-170,02-6085-0029,08:00 - 23:00,APP-패스트썹APP-홈썹배달가능아침메뉴단체주문시그니처랩
대치,서울시 강남구 도곡로 447,02-562-8882,08:00 - 23:00,APP-패스트썹APP-홈썹배달가능아침메뉴단체주문시그니처랩
원주무실,"강원도 원주시 능라동길 61, 정한타워 111호~112호",033-745-1509,08:00 - 23:00,APP-패스트썹APP-홈썹주차가능배달가능아침메뉴단체주문그릴드랩
순천신대,전라남도 순천시 해룡면 향매로 79,061-726-0905,08:00 - 23:00,APP-패스트썹APP-홈썹배달가능아침메뉴단체주문그릴드랩
서강대,서울특별시 마포구 백범로 21,02-711-7007,08:00 - 23:00,APP-패스트썹APP-홈썹배달가능아침메뉴단체주문그릴드랩
울산언양,"울산광역시 울주군 언양읍 읍성로 38, 1층",052-264-2082,07:00 - 22:00,APP-패스트썹APP-홈썹배달가능아침메뉴단체주문그릴드랩
남양주법조타운,"경기 남양주시 다산동 6169 다산메인타워 109, 110, 111호",031-564-3335,08:00 - 23:00,APP-패스트썹APP-홈썹주차가능배달가능아침메뉴단체주문그릴드랩
증미역,서울시 강서구 등촌동 631-5 1층,02-2013-5678,08:00 - 23:00,APP-패스트썹APP-홈썹배달가능아침메뉴단체주문그릴드랩
대구동대구,대구광역시 동구 신천동 386-3,053-742-0242,08:00 - 23:00,APP-패스트썹APP-홈썹배달가능아침메뉴단체주문그릴드랩
삼전역,"서울시 송파구 백제고분로 197, 1층 101호",02-425-5141,08:00 - 23:00,APP-패스트썹APP-홈썹배달가능아침메뉴단체주문그릴드랩
대전반석,"대전광역시 유성구 북유성대로 303, 101~102호/104호",042-825-0605,08:00 - 23:00,APP-패스트썹APP-홈썹주차가능배달가능아침메뉴단체주문그릴드랩
하남시청역,경기도 하남시 신평로 65,031-794-2022,08:00 - 23:00,APP-패스트썹APP-홈썹주차가능배달가능아침메뉴단체주문그릴드랩
과천중앙,경기도 과천시 별양상가 3로 14,02-504-3140,08:00 - 22:00,APP-패스트썹APP-홈썹배달가능아침메뉴단체주문그릴드랩
청량리역사,서울특별시 동대문구 왕산로 214,02-3707-1367,08:00 - 22:00,APP-패스트썹APP-홈썹주차가능배달가능아침메뉴단체주문그릴드랩
안성공도,경기도 안성시 공도읍 공도로 93,031-657-2716,08:00 - 22:00,APP-패스트썹APP-홈썹배달가능아침메뉴단체주문그릴드랩
고양도래울,"경기도 고양시 덕양구 삼원로 83, 108,109호 원흥동 광양프런티어밸리 6차",031-962-2392,08:00 - 23:00,APP-패스트썹APP-홈썹주차가능배달가능아침메뉴단체주문그릴드랩
울산유곡,"울산광역시 중구 종가3길 23, 1층",052-245-9138,07:00 - 22:00,APP-패스트썹APP-홈썹배달가능아침메뉴단체주문그릴드랩
청주오창,"충청북도 청주시 청원구 오창읍 중심상업로 30, 106~107호",043-218-6667,08:00 - 23:00,APP-패스트썹APP-홈썹주차가능배달가능아침메뉴단체주문그릴드랩
파주야당역,"경기도 파주시 경의로 1080, 102호",031-949-9312,08:00 - 23:00,APP-패스트썹APP-홈썹주차가능배달가능아침메뉴단체주문그릴드랩
전주혁신,전라북도 전주시 덕진구 안전로148,063-222-5700,08:00 - 22:00,APP-패스트썹APP-홈썹주차가능배달가능아침메뉴단체주문그릴드랩
구미시청,경상북도 구미시 송정동 28-6,054-444-7999,08:00 - 23:00,APP-패스트썹APP-홈썹주차가능배달가능아침메뉴단체주문그릴드랩
구미산동,"경상북도 구미시 산동읍 신당1로 58, 104호 105호",054-471-8300,08:00 - 23:00,APP-패스트썹APP-홈썹배달가능아침메뉴단체주문그릴드랩
세종아름,"세종특별자치시 아름동 1329, 111호~112호",044-863-1384,08:00 - 23:00,컵 보증금APP-패스트썹APP-홈썹주차가능배달가능아침메뉴단체주문그릴드랩
사당역,서울시 서초구 동작대로 24,02-6941-0386,08:00 - 23:00,APP-패스트썹APP-홈썹배달가능아침메뉴단체주문그릴드랩
양재역,"서울시 서초구 남부순환로 2606, 1층",02-579-5227,08:00 - 23:00,APP-패스트썹APP-홈썹배달가능아침메뉴단체주문그릴드랩
세종새롬,"세종특별자치시 새롬중앙로 62-15, 해피라움W 102, 103호",044-998-8888,08:00 - 23:00,컵 보증금APP-패스트썹APP-홈썹주차가능배달가능아침메뉴단체주문그릴드랩
대구태전,대구시 북구 칠곡 중앙대로 332,053-325-3024,08:00 - 23:00,APP-패스트썹APP-홈썹주차가능배달가능아침메뉴단체주문그릴드랩
신도림,"서울시 구로구 경인로 661, 1층 101호",02-2068-0269,08:00 - 23:00,APP-패스트썹APP-홈썹배달가능아침메뉴단체주문그릴드랩
남양주호평,경기도 남양주시 호평로 48,070-7680-9000,08:00 - 23:00,APP-패스트썹APP-홈썹주차가능배달가능아침메뉴단체주문그릴드랩
수락산역,서울특별시 노원구 동일로 1669,02-2135-2535,08:00 - 22:00,APP-패스트썹APP-홈썹배달가능아침메뉴단체주문그릴드랩
용인흥덕,경기 용인시 기흥구 흥덕2로87번길 18,031-215-3235,08:00 - 23:00,APP-패스트썹APP-홈썹배달가능아침메뉴단체주문그릴드랩
익산영등,전북 익산시 무왕로 1074,063-833-3522,08:00 - 23:00,APP-패스트썹APP-홈썹주차가능배달가능아침메뉴단체주문그릴드랩
울산병영,"울산광역시 중구 번영로 567, 1층",052-271-9988,08:00 - 22:00,APP-패스트썹APP-홈썹배달가능아침메뉴단체주문그릴드랩
고려대,서울 성북구 고려대로 24길 20,02-926-1269,08:00 - 22:00,APP-패스트썹APP-홈썹배달가능아침메뉴단체주문시그니처랩
경산사동,"경북 경산시 백자로 71, 102호",053-268-1515,08:00 - 22:00,APP-패스트썹APP-홈썹배달가능아침메뉴단체주문그릴드랩
제주공항,제주시 월성로4길 80,064-713-1129,08:00 - 22:00,컵 보증금APP-패스트썹APP-홈썹주차가능배달가능아침메뉴단체주문시그니처랩
시흥능곡역,"경기 시흥시 능곡번영길 26 (에스피타워/101, 102호)",031-311-6194,08:00 - 22:00,APP-패스트썹APP-홈썹주차가능배달가능아침메뉴단체주문그릴드랩
대구죽전,대구광역시 달서구 와룡로 123,053-524-7770,08:00 - 23:00,APP-패스트썹APP-홈썹주차가능배달가능아침메뉴단체주문그릴드랩
가락시장,서울시 송파구 중대로 109 (대동빌딩 1층),02-6285-6110,08:00 - 22:00,APP-패스트썹APP-홈썹배달가능아침메뉴단체주문그릴드랩
의정부용현,경기도 의정부시 충의로 83,031-853-8244,08:00 - 23:00,APP-패스트썹APP-홈썹주차가능배달가능아침메뉴단체주문시그니처랩
부산기장메가마트,"부산광역시 기장군 일광읍 기장대로 673, 메가마트 1층",051-724-7750,10:00 - 21:00,주차가능아침메뉴단체주문그릴드랩
전주전북대,전라북도 전주시 덕진구 명륜4길12,063-255-1154,08:00 - 23:00,APP-패스트썹APP-홈썹배달가능아침메뉴단체주문그릴드랩
대구범어,대구광역시 수성구 동대구로 389,070-4135-7070,07:00 - 22:00,APP-패스트썹APP-홈썹배달가능아침메뉴단체주문그릴드랩
망원한강공원,서울 마포구 마포나루길 407,02-332-6612,08:00 - 23:00,APP-패스트썹APP-홈썹배달가능아침메뉴단체주문그릴드랩
익산모현,전라북도 익산시 선화로77,063-841-1211,08:00 - 22:00,APP-패스트썹APP-홈썹주차가능배달가능아침메뉴단체주문그릴드랩
홍성,충남 홍성군 홍성읍 대교리 69-2,041-631-1013,08:00 - 23:00,APP-패스트썹APP-홈썹주차가능배달가능아침메뉴단체주문그릴드랩
인천갈산,"인천시 부평구 주부토로 236(인천테크노밸리)u1/154,155호",032-209-1883,07:30 - 22:00,APP-패스트썹APP-홈썹주차가능배달가능아침메뉴단체주문그릴드랩
광주일곡,광주광역시 북구 설죽로 518-4,062-575-6002,08:00 - 22:00,APP-패스트썹APP-홈썹주차가능배달가능아침메뉴단체주문그릴드랩
인천동암,인천광역시 부평구 열우물로 45,032-421-6690,09:00 - 22:00,APP-패스트썹APP-홈썹배달가능아침메뉴단체주문그릴드랩
대전복합터미널,대전광역시 동구 동서대로 1695번길 16,042-622-6660,08:00 - 23:00,APP-패스트썹APP-홈썹배달가능아침메뉴단체주문그릴드랩
군포AK플라자금정,"경기 군포시 엘에스로 143(금정동) (233호, 234호)",031-427-5476,07:00 - 21:00,APP-패스트썹APP-홈썹주차가능배달가능아침메뉴단체주문그릴드랩
남양주별내,"경기도 남양주시 별내중앙로 26 103,104호(별내동)",031-571-1105,08:00 - 23:00,APP-패스트썹APP-홈썹주차가능배달가능아침메뉴단체주문그릴드랩
청주분평,충북 청주시 서원구 분평동 568번지,043-283-2139,08:00 - 23:00,APP-패스트썹APP-홈썹주차가능배달가능아침메뉴단체주문그릴드랩
인천성모병원,"인천광역시 부평구 동수로 49, 1층 (부평동)",032-224-4935,08:00 - 22:00,APP-패스트썹APP-홈썹주차가능배달가능아침메뉴단체주문시그니처랩
군산대,전라북도 군산시 황룡로 10,063-471-1911,08:00 - 22:00,APP-패스트썹APP-홈썹배달가능아침메뉴단체주문그릴드랩
마산이마트,경남 창원시 마산합포구 서성로3,070-8648-1709,10:00 - 21:00,APP-패스트썹APP-홈썹배달가능아침메뉴단체주문그릴드랩
가산그레이트밸리,서울 금천구 디지털로9길 32,02-866-7119,08:00 - 22:00,APP-패스트썹APP-홈썹배달가능아침메뉴단체주문그릴드랩
서울시립대학교,서울특별시 동대문구 서울시립대로 163,02-6490-5866,09:00 - 20:00,아침메뉴단체주문그릴드랩
부산개금,부산광역시 부산진구 가야대로 486 해동빌딩 1층,051-892-0929,08:00 - 22:30,APP-패스트썹아침메뉴단체주문그릴드랩
수원로데오,경기 수원시 팔달구 매산로 7,031-244-0889,08:00 - 23:00,APP-패스트썹APP-홈썹배달가능아침메뉴단체주문그릴드랩
보령DT,충청남도 보령시 한내로 62,041-936-1771,08:00 - 23:00,APP-패스트썹APP-홈썹주차가능아침메뉴Drive Thru단체주문그릴드랩
방학역,서울특별시 도봉구 도봉로 684,02-956-1237,08:00 - 22:00,아침메뉴그릴드랩
광명일직,"경기도 광명시 양지로19, 어반브릭스B동 1층",02-899-6690,10:00 - 21:30,APP-패스트썹APP-홈썹주차가능배달가능아침메뉴단체주문그릴드랩
덕성여대,서울특별시 도봉구 삼양로 538,02-6369-1990,08:00 - 22:00,아침메뉴단체주문그릴드랩
광주선운,광주광역시 광산구 어등대로 418,062-943-1116,08:00 - 22:00,APP-패스트썹APP-홈썹주차가능배달가능아침메뉴단체주문그릴드랩
인천작전,"인천광역시 계양구 계양대로 38, 1층 102호 103호",070-8824-5882,08:00 - 22:00,APP-패스트썹APP-홈썹주차가능배달가능아침메뉴단체주문그릴드랩
포항남부DT,경상북도 포항시 새천년대로 526,054-278-0989,07:00 - 23:00,APP-패스트썹APP-홈썹주차가능배달가능아침메뉴Drive Thru단체주문그릴드랩
용인기흥롯데프리미엄아울렛,경기도 용인시 기흥구 신고매로 124,031-803-6336,11:00 - 20:30,주차가능아침메뉴시그니처랩
창원중앙역,경남 창원시 의창구 용동로 85,055-609-8787,08:00 - 22:00,APP-패스트썹APP-홈썹주차가능아침메뉴단체주문그릴드랩
천안백석,충남 천안시 서북구 동서대로 47(두정동),041-566-4297,08:00 - 23:00,APP-패스트썹APP-홈썹주차가능배달가능아침메뉴단체주문그릴드랩
평택고덕,경기 평택시 고덕면 고덕여염9길 40,031-647-0151,07:00 - 22:00,APP-패스트썹APP-홈썹주차가능배달가능아침메뉴단체주문그릴드랩
파주LGD,경기도 파주시 월롱면 엘지로 245,031-933-0659,09:00 - 21:00,APP-패스트썹아침메뉴단체주문그릴드랩
논산,충남 논산시 내동 314-6,041-734-9595,08:00 - 23:00,APP-패스트썹APP-홈썹주차가능배달가능아침메뉴단체주문그릴드랩
대구이시아폴리스,대구광역시 동구 팔공로 51길 15-8 1층 103호,053-985-6589,08:00 - 23:00,APP-패스트썹APP-홈썹배달가능아침메뉴단체주문그릴드랩
중곡역,서울시 광진구 중곡동 30-80,02-456-9665,07:30 - 22:00,APP-패스트썹APP-홈썹배달가능아침메뉴단체주문그릴드랩
양산덕계메가마트,경남 양산시 덕계로 60-1 C동 1층,070-8615-8889,09:00 - 22:00,APP-패스트썹APP-홈썹배달가능아침메뉴단체주문그릴드랩
충무로,서울 중구 퇴계로 197,02-2277-0883,07:30 - 22:30,APP-패스트썹APP-홈썹배달가능아침메뉴단체주문그릴드랩
나주혁신,전라남도 나주시 빛가람로 677,061-335-1110,08:00 - 23:00,APP-패스트썹APP-홈썹배달가능아침메뉴단체주문그릴드랩
하남미사역,경기도 하남시 미사강변동로 74,031-792-1146,08:00 - 23:00,APP-패스트썹APP-홈썹배달가능아침메뉴단체주문그릴드랩
울산야음,울산 남구 수암로 138,052-700-8565,08:00 - 22:00,APP-패스트썹APP-홈썹주차가능배달가능아침메뉴단체주문그릴드랩
성남남위례역,"경기도 성남시 위례광장로 21-13 120, 121, 122호",031-751-5582,08:00 - 22:00,APP-패스트썹APP-홈썹배달가능아침메뉴단체주문그릴드랩
고양식사,경기도 고양시 일산동구 위시티로 18,031-965-9400,08:00 - 22:00,APP-패스트썹APP-홈썹주차가능배달가능아침메뉴단체주문그릴드랩
신림,서울 관악구 신림로 318,02-888-8884,08:00 - 23:00,APP-패스트썹APP-홈썹배달가능아침메뉴단체주문그릴드랩
수원능실,경기 수원시 권선구 호매실동 1401 중앙파크뷰,031-292-8624,08:00 - 23:00,아침메뉴단체주문그릴드랩
진주경상대칠암캠퍼스,경남 진주시 동진로 30,055-759-4999,08:00 - 22:00,아침메뉴단체주문그릴드랩
동탄역,경기도 화성시 동탄역로150 롯데캐슬 트리니티 118,031-374-6040,08:00 - 22:00,아침메뉴단체주문그릴드랩
판교역,경기 성남시 분당구 삼평동 741,031-604-2580,08:00 - 22:30,APP-패스트썹APP-홈썹배달가능아침메뉴단체주문그릴드랩
남양주다산역,경기도 남양주시 다산중앙로 145번길 9,031-566-8842,08:00 - 23:00,APP-패스트썹APP-홈썹주차가능배달가능아침메뉴단체주문그릴드랩
경산대구대,경상북도 경산시 진량읍 대구대로 201 과학생명융합대학 3호관,053-856-7073,08:00 - 20:00,APP-패스트썹APP-홈썹주차가능배달가능아침메뉴단체주문그릴드랩
광주유스퀘어,광주광역시 서구 무진대로 904,062-361-1121,08:00 - 23:00,주차가능배달가능아침메뉴단체주문그릴드랩
산본사거리,경기도 군포시 고산로 694,031-392-3327,08:00 - 22:00,아침메뉴단체주문그릴드랩
은평구청,서울시 은평구 은평로 200-1,02-388-1479,08:00 - 22:00,아침메뉴단체주문그릴드랩
인천산곡역,인천시 부평구 길주로 364번길 9,032-361-7848,08:00 - 22:00,아침메뉴단체주문그릴드랩
수원천천,경기도 수원시 장안구 만석로19번길 11-2,031-271-0703,08:00 - 23:00,APP-패스트썹APP-홈썹배달가능아침메뉴단체주문그릴드랩
중계은행사거리,서울특별시 노원구 한글비석로 269,02-952-2266,08:00 - 23:00,APP-패스트썹APP-홈썹아침메뉴그릴드랩
화성송산그린시티,경기도 화성시 수노을중앙로 130,031-355-9152,08:00 - 22:00,APP-패스트썹APP-홈썹주차가능배달가능아침메뉴단체주문그릴드랩
테헤란로,서울특별시 강남구 테헤란로 314 지하1층,02-555-1014,00:00 - 23:59,24시간APP-패스트썹APP-홈썹배달가능아침메뉴단체주문그릴드랩
부산롯데백화점광복,부산시 중구 중앙대로2 4층,051-678-3430,10:30 - 20:00,아침메뉴단체주문그릴드랩
대구율하롯데몰,"대구광역시 동구 안심로 80, 1층(율하동, 롯데쇼핑프라자)",053-607-2780,11:00 - 21:00,APP-패스트썹APP-홈썹주차가능배달가능아침메뉴단체주문그릴드랩
광주신용,광주 북구 첨단연신로 91번길 10,062-575-0614,08:00 - 22:00,APP-패스트썹APP-홈썹주차가능배달가능아침메뉴단체주문그릴드랩
상봉역,서울특별시 중랑구 망우로 316,02-432-2938,08:00 - 23:00,APP-패스트썹APP-홈썹배달가능아침메뉴그릴드랩
부산하단아트몰링,부산시 사하구 낙동남로1413,051-999-7301,10:00 - 22:00,APP-패스트썹APP-홈썹주차가능배달가능아침메뉴그릴드랩
광주신창,광주광역시 광산구 신창로 121 1층,062-953-1131,08:00 - 22:00,APP-패스트썹APP-홈썹주차가능배달가능아침메뉴단체주문그릴드랩
고양원흥역,경기도 고양시 덕양구 원흥5로 25,031-965-9965,08:00 - 22:00,APP-패스트썹APP-홈썹주차가능배달가능아침메뉴단체주문그릴드랩
신정네거리역,서울특별시 양천구 중앙로 265,02-2607-9979,08:00 - 23:00,APP-패스트썹APP-홈썹배달가능아침메뉴단체주문그릴드랩
애오개역,서울특별시 마포구 마포대로 180,02-702-7672,08:00 - 22:00,APP-패스트썹APP-홈썹배달가능아침메뉴그릴드랩
정릉,서울 성북구 보국문로 40,02-6498-8889,08:00 - 22:30,APP-패스트썹APP-홈썹배달가능아침메뉴그릴드랩
인천송도지웰푸르지오시티,인천 연수구 하모니로 144,032-831-7900,08:00 - 22:00,APP-패스트썹APP-홈썹주차가능배달가능아침메뉴단체주문그릴드랩
신금호역,서울 성동구 금호로 173,02-2235-6392,08:00 - 22:00,APP-패스트썹APP-홈썹배달가능아침메뉴그릴드랩
인천검단사거리,인천시 서구 완정로 159,032-567-1995,08:00 - 22:00,주차가능배달가능아침메뉴단체주문그릴드랩
대전건양대병원,"대전광역시 서구 관저동로 170 1층, 108~109호",042-545-5451,08:00 - 23:00,주차가능배달가능아침메뉴단체주문그릴드랩
인천서창,인천시 남동구 서창남로41,032-471-6699,10:00 - 22:00,APP-패스트썹APP-홈썹주차가능배달가능아침메뉴단체주문그릴드랩
창원파티마병원,경상남도 창원시 의창구 창이대로 45 창원파티마병원,070-4791-1700,08:00 - 20:00,APP-패스트썹APP-홈썹주차가능배달가능아침메뉴단체주문그릴드랩
수원역사,경기도 수원시 팔달구 덕영대로924,031-240-0889,07:00 - 22:00,APP-패스트썹APP-홈썹배달가능아침메뉴단체주문그릴드랩
부산연산트레이더스,부산광역시 연제구 연산동 137-5,051-751-1005,10:00 - 21:00,APP-패스트썹APP-홈썹주차가능배달가능아침메뉴단체주문그릴드랩
부천원종,경기도 부천시 소사로 742,070-7762-7770,08:00 - 22:00,APP-패스트썹APP-홈썹주차가능배달가능아침메뉴단체주문그릴드랩
고양원당,경기도 고양시 덕양구 호국로 781,031-967-1333,08:00 - 22:00,APP-패스트썹APP-홈썹주차가능배달가능아침메뉴단체주문그릴드랩
천호역,서울 강동구 천호대로 1012,02-483-1079,08:00 - 22:30,APP-패스트썹APP-홈썹주차가능배달가능아침메뉴단체주문그릴드랩
울산송정,"울산광역시 북구 화산로 115 106,107호",052-286-9988,08:00 - 22:00,APP-패스트썹APP-홈썹주차가능배달가능아침메뉴단체주문그릴드랩
학동역,서울 강남구 학동로 171,02-515-1014,00:00 - 23:59,24시간APP-패스트썹APP-홈썹배달가능아침메뉴단체주문그릴드랩
대구다사,대구광역시 달성군 다사읍 달구벌대로 855,070-4143-6238,08:00 - 22:00,APP-패스트썹APP-홈썹배달가능아침메뉴단체주문그릴드랩
창원유니시티,경상남도 창원시 의창구 중동중앙로 47 어반브릭스,055-255-2439,08:00 - 22:00,APP-패스트썹APP-홈썹주차가능배달가능아침메뉴단체주문그릴드랩
전주송천DT,전라북도 전주시 덕진구 동부대로 1004,063-255-1121,08:00 - 23:00,APP-패스트썹APP-홈썹주차가능배달가능아침메뉴Drive Thru단체주문그릴드랩
세종시청,세종특별자치시 한누리대로 2144 1F #101~103동,044-868-0245,08:00 - 23:00,컵 보증금APP-패스트썹APP-홈썹주차가능배달가능아침메뉴단체주문그릴드랩
노량진역,서울 동작구 노량진로 152-1,02-815-1014,00:00 - 23:59,24시간APP-패스트썹주차가능배달가능아침메뉴단체주문그릴드랩
상일동,서울특별시 강동구 상일로6길 21,070-8800-0217,08:00 - 22:00,APP-패스트썹APP-홈썹주차가능배달가능아침메뉴단체주문그릴드랩
광주봉선,광주광역시 남구 봉선로 176,062-673-0007,08:00 - 23:00,APP-패스트썹APP-홈썹주차가능배달가능아침메뉴단체주문그릴드랩
울산덕신,울산광역시 울주군 온산읍 덕신로 261,052-239-0093,07:00 - 21:30,APP-패스트썹APP-홈썹주차가능배달가능아침메뉴단체주문그릴드랩
동탄하나로클럽,경기도 화성시 동탄순환대로27길 30 1층,031-376-1418,10:00 - 22:00,APP-패스트썹APP-홈썹주차가능배달가능아침메뉴단체주문그릴드랩
의왕포일,경기도 의왕시 안양판교로 101 1층,031-422-7175,08:00 - 22:00,APP-패스트썹APP-홈썹배달가능아침메뉴단체주문그릴드랩
양주옥정,"경기도 양주시 옥정로 214 106호,107호",031-858-2270,08:00 - 23:00,APP-패스트썹APP-홈썹주차가능배달가능아침메뉴단체주문그릴드랩
화성봉담,경기도 화성시 봉담읍 동화길 51,031-5183-3960,08:00 - 22:00,APP-패스트썹APP-홈썹주차가능배달가능아침메뉴단체주문그릴드랩
부천옥길,"경기도 부천시 양지로 205 근생 113,1145호",032-345-4907,07:30 - 21:30,APP-패스트썹APP-홈썹주차가능배달가능아침메뉴단체주문그릴드랩
울산진장,울산광역시 북구 진장17길 10 1층,052-916-0186,10:00 - 22:00,APP-패스트썹APP-홈썹주차가능배달가능아침메뉴단체주문그릴드랩
창원대동백화점,경상남도 창원시 성산구 원이대로 730 1층,055-212-8899,10:00 - 20:00,APP-패스트썹APP-홈썹주차가능배달가능아침메뉴단체주문그릴드랩
구로NC,서울특별시 구로구 구로중앙로 152,02-6923-2155,07:00 - 22:00,APP-패스트썹APP-홈썹주차가능배달가능아침메뉴단체주문그릴드랩
묵동,서울특별시 중랑구 동일로 952 101-1호,02-978-3434,08:00 - 22:00,APP-패스트썹APP-홈썹주차가능배달가능아침메뉴그릴드랩
용인김량장,경기도 용인시 처인구 금령로 71번길 3,031-328-2929,08:00 - 22:00,APP-패스트썹APP-홈썹주차가능배달가능아침메뉴단체주문그릴드랩
경산하양,경상북도 경산시 하양읍 하양로 34,053-857-5761,08:00 - 23:00,APP-패스트썹APP-홈썹주차가능배달가능아침메뉴그릴드랩
광주오치,광주광역시 북구 설죽로 334,062-464-8848,08:00 - 23:00,APP-패스트썹APP-홈썹주차가능배달가능아침메뉴그릴드랩
등촌역,서울특별시 양천구 공항대로 552 101호,02-6053-2543,08:00 - 22:00,APP-패스트썹APP-홈썹배달가능아침메뉴단체주문그릴드랩
울산구영,울산광역시 울주군 범서읍 구영로 108,052-248-8236,08:00 - 22:00,APP-패스트썹APP-홈썹배달가능아침메뉴단체주문시그니처랩
의정부역,경기도 의정부시 신흥로 257번길 6,031-878-7811,00:00 - 23:59,24시간APP-패스트썹APP-홈썹주차가능배달가능아침메뉴그릴드랩
양산증산,경상남도 양산시 물금읍 야리1길 17,055-781-2236,07:30 - 21:30,APP-패스트썹APP-홈썹배달가능아침메뉴단체주문그릴드랩
광주금호,광주광역시 서구 금화로 58 1층,062-681-1121,08:00 - 23:00,APP-패스트썹APP-홈썹배달가능아침메뉴단체주문그릴드랩
통영무전,경상남도 통영시 원문로 27,055-648-0772,08:00 - 22:00,APP-패스트썹APP-홈썹배달가능아침메뉴단체주문그릴드랩
수서역,서울특별시 강남구 밤고개로 1길 10 B1,02-445-1636,08:00 - 22:00,APP-패스트썹APP-홈썹배달가능아침메뉴단체주문그릴드랩
대전송촌,대전광역시 대덕구 계족산로81번길 70,042-623-6800,08:00 - 23:00,APP-패스트썹APP-홈썹배달가능아침메뉴단체주문그릴드랩
길동역,"서울특별시 강동구 길동 389-2 길동 1층 103,110호",02-470-6032,08:00 - 22:00,APP-패스트썹APP-홈썹배달가능아침메뉴단체주문그릴드랩
분당수내,경기도 성남시 분당구 백현로101번길 21,031-715-0889,07:00 - 23:00,APP-패스트썹APP-홈썹주차가능아침메뉴단체주문그릴드랩
김해이마트,경상남도 김해시 김해대로 2232 이마트 1층,055-339-2413,10:00 - 21:30,APP-패스트썹주차가능아침메뉴그릴드랩
시흥은계,경기도 시흥시 은계번영길 21,031-312-1587,08:00 - 22:00,APP-패스트썹APP-홈썹주차가능배달가능아침메뉴단체주문시그니처랩
부산역,부산광역시 동구 중앙대로 206,070-4090-3721,09:00 - 19:00,주차가능아침메뉴시그니처랩
석촌역,"서울특별시 송파구 송파대로 438 106호, 107호",02-420-4320,08:00 - 22:00,APP-패스트썹주차가능아침메뉴단체주문그릴드랩
화성남양,경기도 화성시 남양읍 시청로 6,031-357-4637,08:00 - 22:00,APP-패스트썹APP-홈썹주차가능배달가능아침메뉴단체주문시그니처랩
전주전북도청,전라북도 전주시 완산구 홍산중앙로 22,063-903-1191,08:00 - 23:00,APP-패스트썹APP-홈썹주차가능배달가능아침메뉴단체주문그릴드랩
광주주월,광주광역시 남구 서문대로 749,062-456-1181,08:00 - 23:00,APP-패스트썹APP-홈썹배달가능아침메뉴단체주문그릴드랩
광주하남,광주광역시 광산구 무진대로279,062-446-0072,08:00 - 23:00,APP-패스트썹APP-홈썹주차가능배달가능아침메뉴단체주문그릴드랩
광주운암,광주광역시 북구 북문대로117,062-462-1125,08:00 - 22:00,APP-패스트썹APP-홈썹주차가능배달가능아침메뉴단체주문그릴드랩
거제고현,"경상남도 거제시 거제중앙로 1894 104호,105호",055-634-0979,08:00 - 22:00,APP-패스트썹APP-홈썹아침메뉴단체주문그릴드랩
경산영남대,경상북도 경산시 대학로 281-1,053-818-7771,08:00 - 23:00,APP-패스트썹APP-홈썹주차가능배달가능아침메뉴단체주문시그니처랩
목포남악,전라남도 무안군 삼향읍 남악3로 79,061-980-3310,08:00 - 23:00,APP-패스트썹APP-홈썹주차가능배달가능아침메뉴단체주문그릴드랩
대구반월당,대구광역시 중구 달구벌대로 2076,070-4122-0077,08:00 - 22:00,APP-패스트썹APP-홈썹배달가능아침메뉴단체주문그릴드랩
대구교대,대구광역시 남구 중앙대로 243,053-622-6348,08:00 - 23:00,APP-패스트썹APP-홈썹배달가능아침메뉴단체주문그릴드랩
성남위례,경기도 성남시 수정구 위례광장로 104,031-602-6126,08:00 - 21:30,APP-패스트썹APP-홈썹주차가능배달가능아침메뉴단체주문그릴드랩
수원아주대,경기도 수원시 팔달구 아주로 49-1,031-211-0369,08:00 - 22:00,APP-패스트썹APP-홈썹배달가능아침메뉴단체주문시그니처랩
부산사상,부산광역시 사상구 사상로 211,051-900-5226,08:00 - 23:00,APP-패스트썹APP-홈썹배달가능아침메뉴단체주문시그니처랩
당진읍내,충청남도 당진시 당진중앙2로 127 금화빌딩 1층 101호,041-356-2731,08:00 - 22:00,APP-패스트썹APP-홈썹배달가능아침메뉴단체주문그릴드랩
쌍문역,"서울특별시 도봉구 도봉로 468 1층 102호, 102-1호",02-999-5906,07:00 - 22:00,APP-패스트썹APP-홈썹배달가능아침메뉴단체주문시그니처랩
명지대,서울특별시 서대문구 거북골로 23,02-374-7300,08:00 - 22:00,APP-패스트썹APP-홈썹아침메뉴Drive Thru단체주문그릴드랩
삼양솔샘,서울특별시 강북구 삼양로 162,02-6952-3399,08:00 - 22:00,APP-패스트썹APP-홈썹배달가능아침메뉴단체주문그릴드랩
목포상동,전라남도 목포시 백년대로 342,061-980-1191,08:00 - 23:00,APP-패스트썹APP-홈썹주차가능배달가능아침메뉴단체주문그릴드랩
대구동촌DT,대구 동구 해동로 259,070-8851-0101,00:00 - 23:59,24시간APP-패스트썹APP-홈썹주차가능배달가능아침메뉴Drive Thru단체주문그릴드랩
진주혁신,경상남도 진주시 충의로 20-4 1층,055-758-0250,07:30 - 21:30,APP-패스트썹APP-홈썹배달가능아침메뉴단체주문그릴드랩
대구광장,대구광역시 서구 달구벌대로 1689,053-573-3030,08:00 - 23:00,APP-패스트썹APP-홈썹배달가능아침메뉴단체주문그릴드랩
낙성대역,서울특별시 관악구 남부순환로 1904,02-877-6687,08:00 - 22:00,APP-패스트썹APP-홈썹주차가능배달가능아침메뉴단체주문그릴드랩
부산홈플러스아시아드,부산광역시 연제구 종합운동장로 7,051-506-0122,10:00 - 22:00,주차가능아침메뉴단체주문시그니처랩
천안청수,충청남도 천안시 동남구 청수11로 16,041-414-1421,08:00 - 23:00,APP-패스트썹APP-홈썹주차가능아침메뉴단체주문그릴드랩
봉은사역,서울특별시 강남구 봉은사로 627,02-545-5729,08:00 - 22:00,APP-패스트썹APP-홈썹주차가능아침메뉴단체주문그릴드랩
대구침산,대구광역시 북구 침산남로 157,053-357-7770,08:00 - 23:00,APP-패스트썹APP-홈썹주차가능배달가능아침메뉴단체주문그릴드랩
대구시지,대구광역시 수성구 달구벌대로 3201,070-4146-0154,08:00 - 23:00,APP-패스트썹APP-홈썹배달가능아침메뉴단체주문그릴드랩
석촌호수,서울특별시 송파구 석촌호수로 298,02-424-0020,08:00 - 22:00,APP-패스트썹APP-홈썹주차가능배달가능아침메뉴단체주문그릴드랩
광주수완,광주광역시 광산구 장신로 133 1층,062-419-1131,08:00 - 23:00,APP-패스트썹APP-홈썹주차가능배달가능아침메뉴단체주문그릴드랩
김포사우,경기도 김포시 돌문로 43,070-4234-3277,08:00 - 22:00,APP-패스트썹APP-홈썹배달가능아침메뉴단체주문그릴드랩
광교엘포트,경기도 수원시 영통구 광교중앙로 145,031-217-5570,08:00 - 22:00,APP-패스트썹APP-홈썹주차가능배달가능아침메뉴단체주문시그니처랩
대구수성구청역,대구광역시 수성구 달구벌대로 2513,053-744-3688,08:00 - 23:00,APP-패스트썹APP-홈썹배달가능아침메뉴단체주문그릴드랩
부산좌동,부산광역시 해운대구 해운대로 794 엘리움 빌딩 104호,051-731-7717,08:00 - 22:00,APP-패스트썹APP-홈썹주차가능배달가능아침메뉴단체주문시그니처랩
대구지산,대구광역시 수성구 지범로 180 1F,053-782-5761,08:00 - 22:00,APP-패스트썹APP-홈썹배달가능아침메뉴단체주문그릴드랩
수지롯데몰,경기도 용인시 수지구 성복2로 38,031-5174-2654,10:30 - 21:00,APP-패스트썹APP-홈썹주차가능아침메뉴단체주문그릴드랩
대구월성,대구광역시 달서구 조암로 9,053-643-8400,08:00 - 22:00,APP-패스트썹APP-홈썹배달가능아침메뉴단체주문그릴드랩
대구테크노폴리스,대구광역시 달성군 현풍읍 테크노상업로 62,070-8844-1379,08:00 - 23:00,APP-패스트썹APP-홈썹주차가능배달가능아침메뉴단체주문그릴드랩
대림삼거리,서울특별시 영등포구 시흥대로 681 삼성YJ그랜드빌딩 신관동 1층,02-847-8255,08:00 - 22:00,APP-패스트썹APP-홈썹주차가능배달가능아침메뉴단체주문그릴드랩
부산동의대,부산광역시 부산진구 엄광로 176,051-890-3366,10:00 - 19:00,주차가능배달가능아침메뉴단체주문시그니처랩
부산명지국제신도시,부산광역시 강서구 명지국제8로 264,051-292-2588,08:00 - 22:00,APP-패스트썹APP-홈썹배달가능아침메뉴단체주문시그니처랩
왕십리역,서울특별시 성동구 왕십리로 328,02-2295-1800,08:00 - 22:00,APP-패스트썹APP-홈썹배달가능아침메뉴단체주문그릴드랩
포이사거리,서울특별시 강남구 논현로 84 1층,02-577-5227,08:00 - 22:00,주차가능아침메뉴단체주문그릴드랩
부산W스퀘어,"부산광역시 남구 분포로 145 1층 1055, 1056호 (용호동, 더블유)",070-8648-3439,08:00 - 22:00,APP-패스트썹APP-홈썹주차가능배달가능아침메뉴단체주문시그니처랩
동덕여대,서울특별시 성북구 화랑로13길 10,02-6404-2212,08:00 - 22:00,APP-패스트썹APP-홈썹배달가능아침메뉴단체주문시그니처랩
울산옥동,울산광역시 남구 문수로 332,052-271-6600,08:00 - 22:00,APP-패스트썹APP-홈썹배달가능아침메뉴단체주문시그니처랩
당산역,서울특별시 영등포구 양평로 58,02-2636-1014,08:00 - 23:00,APP-패스트썹APP-홈썹주차가능배달가능아침메뉴단체주문그릴드랩
광주상무,광주광역시 서구 치평로 86,062-446-1131,08:00 - 23:00,APP-패스트썹APP-홈썹주차가능배달가능아침메뉴단체주문시그니처랩
송파역,서울특별시 송파구 송파대로 374,02-420-2160,08:00 - 22:00,APP-패스트썹APP-홈썹주차가능아침메뉴단체주문시그니처랩
서산호수공원,충청남도 서산시 호수공원 12로 26,041-663-7852,08:00 - 23:00,APP-패스트썹APP-홈썹배달가능아침메뉴단체주문시그니처랩
대구평리DT,대구 서구 서대구로 111 (평리동) 1층,070-4147-7000,00:00 - 23:59,24시간APP-패스트썹APP-홈썹주차가능배달가능아침메뉴Drive Thru단체주문그릴드랩
용인동백,"경기도 용인시 기흥구 동백중앙로 283 골드프라자 A동 105호, 106호",031-285-4857,08:00 - 22:00,APP-패스트썹APP-홈썹주차가능배달가능아침메뉴단체주문시그니처랩
광주첨단,광주광역시 광산구 첨단중앙로 110 1층,062-413-1121,08:00 - 23:00,APP-패스트썹APP-홈썹주차가능배달가능아침메뉴단체주문시그니처랩
성남태평,경기도 성남시 수정구 수정로 179,031-755-6785,08:00 - 22:00,APP-패스트썹APP-홈썹배달가능아침메뉴단체주문시그니처랩
제주대,제주특별자치도 제주시 제주대학로 113,064-752-7739,08:00 - 22:00,컵 보증금APP-패스트썹APP-홈썹주차가능배달가능아침메뉴단체주문시그니처랩
선유도역,서울특별시 영등포구 양평로 121,02-2632-1232,08:00 - 22:00,APP-패스트썹APP-홈썹아침메뉴단체주문시그니처랩
대구칠곡3지구,대구광역시 북구 학정로 422 1층,070-4246-5154,08:00 - 23:00,APP-패스트썹APP-홈썹주차가능배달가능아침메뉴단체주문시그니처랩
광주전남대후문,광주광역시 북구 우치로 124 1층,062-452-1121,08:00 - 23:00,APP-패스트썹APP-홈썹주차가능배달가능아침메뉴단체주문시그니처랩
부산반여,부산광역시 해운대구 선수촌로 78,051-783-6384,08:00 - 22:00,APP-패스트썹APP-홈썹배달가능아침메뉴단체주문시그니처랩
대구상인역,대구 달서구 월배로 222 (상인동) 1층,053-643-0013,08:00 - 23:00,배달가능아침메뉴단체주문시그니처랩
평택비전,경기도 평택시 비전5로 15,031-652-6777,08:00 - 22:00,APP-패스트썹APP-홈썹주차가능배달가능아침메뉴단체주문시그니처랩
잠실역,서울특별시 송파구 올림픽로 293-19,02-2202-1300,08:00 - 22:00,APP-패스트썹APP-홈썹배달가능아침메뉴단체주문시그니처랩
대구계대동문,대구광역시 달서구 계대동문로 9,053-593-5050,08:00 - 23:00,APP-패스트썹APP-홈썹배달가능아침메뉴단체주문시그니처랩
대구동성로2호,대구광역시 중구 동성로 6길 42,053-253-7801,08:00 - 23:00,APP-패스트썹APP-홈썹배달가능아침메뉴단체주문시그니처랩
인천길병원,인천광역시 남동구 구월남로 153,070-8888-3277,08:00 - 23:00,APP-패스트썹APP-홈썹주차가능배달가능아침메뉴단체주문시그니처랩
수원장안구청,경기도 수원시 장안구 경수대로 927,031-244-8490,08:00 - 22:30,APP-패스트썹APP-홈썹주차가능배달가능아침메뉴단체주문시그니처랩
동탄카림,경기도 화성시 동탄대로시범길 134,031-373-2204,08:00 - 22:00,주차가능아침메뉴단체주문시그니처랩
독립문,서울특별시 종로구 송월길 155 경희궁자이4단지 상가 1층 4104-4106호,02-730-8255,07:00 - 21:00,APP-패스트썹APP-홈썹주차가능배달가능아침메뉴단체주문시그니처랩
가양역,서울특별시 강서구 양천로 470 그레이스힐,02-2668-6777,08:00 - 22:00,APP-패스트썹APP-홈썹주차가능배달가능아침메뉴단체주문시그니처랩
양천향교역,"서울특별시 강서구 강서로 471 엠코지니어스타 A동 1층 109, 110호",02-3662-6697,08:00 - 23:00,APP-패스트썹APP-홈썹주차가능배달가능아침메뉴단체주문시그니처랩
부산서면동천로,부산광역시 부산진구 동천로 71,051-817-1232,08:00 - 22:30,APP-패스트썹APP-홈썹배달가능아침메뉴단체주문그릴드랩
동탄센트럴파크,경기도 화성시 동탄지성로 117,031-8003-8825,08:00 - 22:00,APP-패스트썹APP-홈썹주차가능배달가능아침메뉴단체주문시그니처랩
수원영통구청,경기도 수원시 영통구 효원로 383,031-217-7772,08:00 - 22:00,APP-패스트썹APP-홈썹배달가능아침메뉴단체주문시그니처랩
정동,서울특별시 중구 새문안로 30,02-737-0808,08:00 - 22:00,APP-패스트썹APP-홈썹배달가능아침메뉴단체주문시그니처랩
오산대역,경기도 오산시 내삼미로 89,031-378-8004,08:00 - 22:00,APP-패스트썹APP-홈썹주차가능배달가능아침메뉴단체주문시그니처랩
서판교점,경기도 성남시 분당구 운중로 142 판교메디컬타워 1층,031-707-7911,08:00 - 22:00,APP-패스트썹APP-홈썹배달가능아침메뉴단체주문시그니처랩
김포풍무역,경기도 김포시 풍무1로 65-1 풍무시티프라자,031-984-0606,08:00 - 22:00,APP-패스트썹APP-홈썹주차가능배달가능아침메뉴단체주문시그니처랩
여의도화재보험,서울특별시 영등포구 국제금융로 6길 38,02-6951-1118,08:00 - 22:00,APP-패스트썹APP-홈썹배달가능아침메뉴단체주문시그니처랩
대구경북대북문,대구광역시 북구 대학로 87,053-951-7802,08:00 - 23:00,APP-패스트썹APP-홈썹배달가능아침메뉴단체주문시그니처랩
선정릉역,서울특별시 강남구 봉은사로 328,02-555-9389,08:00 - 22:00,APP-패스트썹APP-홈썹배달가능아침메뉴단체주문시그니처랩
약수역,서울특별시 중구 다산로 153,02-2256-9891,08:00 - 22:00,APP-패스트썹APP-홈썹배달가능아침메뉴단체주문시그니처랩
동대문역,서울특별시 종로구 종로 263-1,02-747-9809,08:00 - 22:00,APP-패스트썹APP-홈썹배달가능아침메뉴단체주문시그니처랩
장안사거리,서울특별시 동대문구 답십리로 293,02-3390-4970,08:00 - 23:00,APP-패스트썹APP-홈썹배달가능아침메뉴단체주문시그니처랩
천안충무로,충청남도 천안시 서북구 충무로 201,041-579-4321,08:00 - 23:00,APP-패스트썹APP-홈썹주차가능배달가능아침메뉴단체주문시그니처랩
용인기흥구청,경기도 용인시 기흥구 구갈로 71-18 기흥더샵프라임뷰,031-284-3161,08:00 - 22:00,APP-패스트썹APP-홈썹배달가능아침메뉴단체주문시그니처랩
광교경기대후문,경기도 수원시 영통구 대학로 34,070-7750-2040,08:00 - 22:00,APP-패스트썹APP-홈썹주차가능배달가능아침메뉴단체주문시그니처랩
군자역,서울특별시 광진구 능동로 290 삼일빌딩,02-456-6444,07:30 - 22:30,APP-패스트썹APP-홈썹주차가능배달가능아침메뉴단체주문시그니처랩
신설동역,서울특별시 동대문구 왕산로 15-1,02-928-0258,08:00 - 22:00,APP-패스트썹APP-홈썹배달가능아침메뉴단체주문시그니처랩
시흥대야,경기도 시흥시 비둘기공원로 21 대야하이빌,031-317-4901,08:00 - 22:00,APP-패스트썹APP-홈썹주차가능배달가능아침메뉴단체주문시그니처랩
동양미래대,서울특별시 구로구 경인로 445 동양미래대 8호관,02-2686-6890,08:00 - 22:00,APP-패스트썹APP-홈썹주차가능배달가능아침메뉴단체주문시그니처랩
인천서구청,인천광역시 서구 탁옥로 50 A동 1층,032-565-2481,08:00 - 22:00,APP-패스트썹APP-홈썹주차가능배달가능아침메뉴단체주문시그니처랩
성남단대오거리역,경기도 성남시 중원구 산성대로372번길 10,031-732-1137,07:00 - 22:00,APP-패스트썹APP-홈썹배달가능아침메뉴시그니처랩
고덕역,서울특별시 강동구 동남로 75길 13-10,02-427-0217,08:00 - 23:00,APP-패스트썹APP-홈썹주차가능배달가능아침메뉴단체주문시그니처랩
진주평거탑마트,경상남도 진주시 새평거로 136,055-748-0185,10:00 - 21:30,APP-패스트썹APP-홈썹주차가능배달가능아침메뉴단체주문시그니처랩
대전은행,대전광역시 중구 대종로 488번길 25,042-221-7050,08:00 - 23:00,APP-패스트썹APP-홈썹배달가능아침메뉴단체주문시그니처랩
수원호매실,경기도 수원시 권선구 금곡로 204,031-292-4862,08:00 - 22:00,APP-패스트썹APP-홈썹주차가능배달가능아침메뉴단체주문시그니처랩
상암DMC푸르지오시티,서울특별시 마포구 월드컵북로54길 25 상암DMC 푸르지오시티 103호,02-303-4566,08:00 - 22:00,APP-패스트썹APP-홈썹주차가능배달가능아침메뉴단체주문시그니처랩
광장,서울특별시 광진구 아차산로 480,02-455-2224,08:00 - 22:00,APP-패스트썹APP-홈썹주차가능배달가능아침메뉴단체주문시그니처랩
광주충장로,광주광역시 동구 중앙로 160번길 31-18,062-236-1121,08:00 - 23:00,APP-패스트썹APP-홈썹배달가능아침메뉴단체주문시그니처랩
청주충북대,충청북도 청주시 서원구 1순환로 676,043-267-7578,08:00 - 23:00,APP-패스트썹APP-홈썹주차가능배달가능아침메뉴단체주문시그니처랩
제주시청,제주특별자치도 제주시 중앙로 252,064-759-7739,08:00 - 22:00,컵 보증금APP-패스트썹APP-홈썹주차가능배달가능아침메뉴단체주문시그니처랩
제주연동신시가지,제주특별자치도 제주시 국기로 1길 2,064-711-1128,08:00 - 22:00,컵 보증금APP-패스트썹APP-홈썹배달가능아침메뉴단체주문시그니처랩
군산나운,전라북도 군산시 공단대로 374,063-464-1234,08:00 - 22:00,APP-패스트썹APP-홈썹배달가능아침메뉴단체주문시그니처랩
청주대,충청북도 청주시 청원구 대성로 301,043-252-8184,08:00 - 23:00,APP-패스트썹APP-홈썹주차가능배달가능아침메뉴단체주문그릴드랩
동두천,경기도 동두천시 지행로 81,031-863-2270,08:00 - 23:00,APP-패스트썹APP-홈썹주차가능배달가능아침메뉴단체주문
대구동성로,대구광역시 중구 국채보상로 598,053-255-6841,00:00 - 23:59,24시간APP-홈썹배달가능아침메뉴단체주문시그니처랩
부산대연,부산광역시 남구 수영로 246,051-612-7976,08:00 - 22:30,APP-패스트썹APP-홈썹배달가능아침메뉴단체주문시그니처랩
부산진역,부산광역시 동구 중앙대로 365,051-443-3650,08:00 - 22:00,APP-패스트썹APP-홈썹주차가능배달가능아침메뉴단체주문시그니처랩
부산토곡,부산광역시 연제구 과정로 237번길 119,051-753-6005,08:00 - 23:00,APP-패스트썹APP-홈썹주차가능배달가능아침메뉴단체주문시그니처랩
부산장전역,부산광역시 금정구 중앙대로 1719번길 30,051-704-3535,08:00 - 22:30,APP-패스트썹APP-홈썹배달가능아침메뉴단체주문시그니처랩
부산영도,부산광역시 영도구 태종로 107,051-417-7852,08:00 - 22:00,APP-패스트썹APP-홈썹배달가능아침메뉴단체주문시그니처랩
김해장유,경상남도 김해시 능동로 149번길 8,055-338-1263,08:00 - 22:00,주차가능아침메뉴단체주문시그니처랩
부산남천,부산광역시 수영구 수영로 462,051-612-2231,08:00 - 22:00,APP-패스트썹APP-홈썹배달가능아침메뉴단체주문시그니처랩
부산명륜,부산광역시 동래구 명륜로 187번길 49,051-558-3210,08:00 - 23:00,APP-패스트썹APP-홈썹배달가능아침메뉴단체주문시그니처랩
김해진영,경상남도 김해시 진영읍 김해대로361번길 16,055-342-8781,08:00 - 23:00,APP-패스트썹APP-홈썹배달가능아침메뉴단체주문시그니처랩
부산시청,부산광역시 연제구 중앙대로 1043,051-868-4140,07:30 - 23:00,APP-패스트썹APP-홈썹배달가능아침메뉴단체주문시그니처랩
부산부민,부산광역시 서구 구덕로 226번길 3,051-254-6383,08:00 - 22:00,APP-패스트썹APP-홈썹배달가능아침메뉴단체주문시그니처랩
부산법원,"부산광역시 연제구 법원로 32번길 18, 1층 101-1호(거제동)",051-507-1230,08:00 - 22:00,APP-패스트썹APP-홈썹배달가능아침메뉴단체주문시그니처랩
김해삼계,경상남도 김해시 가야로 163,055-339-4406,08:00 - 22:00,APP-패스트썹APP-홈썹주차가능배달가능아침메뉴단체주문시그니처랩
부산명지,부산광역시 강서구 명지오션시티4로 61,051-203-6767,08:00 - 22:00,APP-패스트썹APP-홈썹배달가능아침메뉴단체주문시그니처랩
김해인제대,경상남도 김해시 인제로 184 1층,055-325-5226,08:00 - 23:00,APP-패스트썹APP-홈썹배달가능아침메뉴단체주문시그니처랩
부산정관,부산광역시 기장군 정관읍 정관로 565,051-727-9900,08:00 - 22:00,APP-패스트썹APP-홈썹배달가능아침메뉴단체주문시그니처랩
부산덕천,부산광역시 북구 덕천1길 22,051-337-0217,08:00 - 23:00,APP-패스트썹APP-홈썹배달가능아침메뉴단체주문시그니처랩
김해율하,경상남도 김해시 율하3로 42,055-311-3940,08:00 - 22:00,APP-패스트썹APP-홈썹아침메뉴단체주문시그니처랩
부산양정,부산광역시 부산진구 양지로 4,051-868-7937,08:00 - 22:00,APP-패스트썹APP-홈썹배달가능아침메뉴단체주문시그니처랩
부산주례,부산광역시 사상구 가야대로 366번길 43,051-312-1588,08:00 - 22:00,APP-패스트썹APP-홈썹배달가능아침메뉴단체주문시그니처랩
부산대역,부산광역시 금정구 금정로 60번길 40,051-517-3331,08:00 - 22:00,APP-패스트썹APP-홈썹배달가능아침메뉴단체주문시그니처랩
부산센텀,부산광역시 해운대구 센텀5로 55,051-741-6777,08:00 - 22:00,APP-패스트썹APP-홈썹주차가능배달가능아침메뉴단체주문시그니처랩
부산경성대,부산광역시 남구 수영로 325번길 12,051-625-5617,08:00 - 22:00,APP-패스트썹APP-홈썹주차가능배달가능아침메뉴단체주문시그니처랩
부산서면롯데,부산광역시 부산진구 가야대로 784번길 23,051-809-8337,08:00 - 23:00,아침메뉴단체주문시그니처랩
부산해운대비치,부산광역시 해운대구 구남로 42-1,051-731-2234,08:00 - 23:00,APP-패스트썹APP-홈썹배달가능아침메뉴단체주문시그니처랩
부산사직,부산광역시 동래구 사직북로 7,051-507-8434,08:00 - 22:00,APP-패스트썹APP-홈썹배달가능아침메뉴단체주문시그니처랩
부산중앙,부산광역시 중구 중앙대로 102,051-462-6200,08:00 - 22:00,APP-패스트썹APP-홈썹주차가능배달가능아침메뉴단체주문시그니처랩
김해내동,경상남도 김해시 내외중앙로 74,055-337-7735,08:00 - 22:00,APP-패스트썹APP-홈썹주차가능배달가능아침메뉴단체주문시그니처랩
부산광안비치,부산광역시 수영구 광안해변로 239,051-757-2232,08:00 - 23:00,APP-패스트썹APP-홈썹배달가능아침메뉴단체주문시그니처랩
부산대,부산광역시 금정구 부산대학로 48,051-513-3331,08:00 - 22:00,APP-패스트썹APP-홈썹배달가능아침메뉴단체주문시그니처랩
부산화명,부산광역시 북구 화명신도시로 130,051-361-1015,08:00 - 22:00,APP-패스트썹APP-홈썹주차가능배달가능아침메뉴단체주문시그니처랩
부산동아대,부산광역시 사하구 낙동대로 542,070-8876-6040,08:00 - 22:00,APP-패스트썹APP-홈썹주차가능배달가능아침메뉴단체주문시그니처랩
부산부경대,부산광역시 남구 용소로 24,051-611-5617,08:00 - 22:00,APP-패스트썹APP-홈썹배달가능아침메뉴단체주문시그니처랩
부산광복,부산광역시 중구 광복중앙로 3-1,051-246-7789,08:00 - 22:00,아침메뉴시그니처랩
부산서면,부산광역시 부산진구 중앙대로 690,051-802-9404,08:00 - 22:30,APP-패스트썹APP-홈썹배달가능아침메뉴단체주문그릴드랩
창원대방,경상남도 창원시 성산구 가양로 124번길 5-5 103호,055-274-7375,08:00 - 22:00,APP-패스트썹APP-홈썹배달가능아침메뉴단체주문시그니처랩
진해석동,경상남도 창원시 진해구 냉천로 62,055-552-2861,08:00 - 22:00,APP-패스트썹APP-홈썹배달가능아침메뉴단체주문시그니처랩
마산경남대,경상남도 창원시 마산합포구 3.15대로 1,055-246-3555,08:00 - 23:00,APP-패스트썹APP-홈썹배달가능아침메뉴단체주문시그니처랩
창원용지호수,경상남도 창원시 의창구 용지로 169번길 3,055-281-5353,07:30 - 21:30,APP-패스트썹APP-홈썹배달가능아침메뉴단체주문시그니처랩
창원리베라,경상남도 창원시 성산구 중앙대로100번길 9 리베라컨벤션 1층 107호,055-262-6985,08:00 - 22:00,주차가능아침메뉴단체주문시그니처랩
울산일산,울산광역시 동구 방어진순환도로 662,052-252-8000,08:00 - 22:00,주차가능아침메뉴단체주문시그니처랩
창원상남,경상남도 창원시 성산구 단정로 25,055-275-4756,07:30 - 22:00,APP-패스트썹APP-홈썹주차가능배달가능아침메뉴단체주문시그니처랩
마산합성,경상남도 창원시 마산회원구 합성옛길 137,055-253-0202,08:00 - 22:00,APP-패스트썹APP-홈썹배달가능아침메뉴단체주문시그니처랩
경남거창,경상남도 거창군 거창읍 중앙로 120,055-945-0020,08:00 - 22:00,APP-패스트썹APP-홈썹배달가능아침메뉴단체주문시그니처랩
울산성남,울산광역시 중구 시계탑거리 17,052-246-5078,08:00 - 22:00,APP-패스트썹APP-홈썹배달가능아침메뉴단체주문시그니처랩
진주중안,경상남도 진주시 진양호로 525,055-748-9994,08:00 - 22:00,APP-패스트썹APP-홈썹배달가능아침메뉴단체주문시그니처랩
울산공업탑,울산광역시 남구 삼산로 11,052-267-2121,08:00 - 22:00,아침메뉴단체주문시그니처랩
진주경상대,경상남도 진주시 진주대로 548,055-755-3477,08:00 - 22:00,APP-패스트썹APP-홈썹주차가능배달가능아침메뉴단체주문시그니처랩
울산무거,울산광역시 남구 대학로 108,052-249-5008,08:00 - 22:00,APP-패스트썹APP-홈썹주차가능아침메뉴단체주문시그니처랩
울산삼산,울산광역시 남구 삼산로 267번길 6-15,052-227-7700,08:00 - 22:00,APP-패스트썹APP-홈썹배달가능아침메뉴단체주문시그니처랩
경남남양산,경상남도 양산시 물금읍 범어로 60,055-367-7888,07:30 - 21:30,APP-패스트썹APP-홈썹주차가능배달가능아침메뉴단체주문시그니처랩
거제아주,경상남도 거제시 아주1로2길 62,055-681-5952,08:00 - 22:00,APP-패스트썹APP-홈썹주차가능배달가능아침메뉴단체주문시그니처랩
울산달동,울산광역시 남구 신정로 37,052-266-5007,08:00 - 22:00,APP-패스트썹APP-홈썹주차가능배달가능아침메뉴단체주문
경남양산,경남 양산시 중부동 692-7 110호,055-381-1100,07:00 - 22:00,APP-패스트썹APP-홈썹배달가능아침메뉴단체주문
아산배방,충청남도 아산시 배방읍 모산로 123,041-532-8220,08:00 - 23:00,APP-패스트썹APP-홈썹주차가능배달가능아침메뉴단체주문시그니처랩
대전태평,대전광역시 중구 태평로 71,042-300-7707,08:00 - 23:00,APP-패스트썹APP-홈썹주차가능배달가능아침메뉴단체주문시그니처랩
대전유성터미널,대전광역시 유성구 봉명동 566-4,042-822-7006,08:00 - 22:00,APP-패스트썹APP-홈썹배달가능아침메뉴단체주문그릴드랩
대전목원대,대전광역시 서구 도안북로 93번길 31,042-825-4080,08:00 - 23:00,APP-패스트썹APP-홈썹주차가능배달가능아침메뉴단체주문시그니처랩
대전전민,대전광역시 유성구 유성대로 1732,042-867-6841,08:00 - 22:00,APP-패스트썹APP-홈썹배달가능아침메뉴단체주문시그니처랩
대전한남대,대전광역시 대덕구 한남로 25번길 5,042-621-6213,08:00 - 23:00,APP-패스트썹APP-홈썹배달가능아침메뉴단체주문시그니처랩
대전가오,대전광역시 동구 동구청로 95,042-272-9085,08:00 - 22:00,APP-패스트썹APP-홈썹주차가능배달가능아침메뉴단체주문시그니처랩
대전우송대,대전광역시 동구 동대전로 168 1층,042-622-5979,08:00 - 23:00,APP-패스트썹APP-홈썹배달가능아침메뉴단체주문시그니처랩
대전카이스트,대전광역시 유성구 대학로 291 정문술빌딩 1층,042-863-7001,08:00 - 23:00,APP-패스트썹주차가능아침메뉴단체주문시그니처랩
대전충남대정문,대전광역시 유성구 한밭대로 414,042-824-1003,08:00 - 23:00,APP-패스트썹APP-홈썹배달가능아침메뉴단체주문시그니처랩
천안신불당,충청남도 천안시 서북구 불당25로 138,041-558-0017,08:00 - 23:00,APP-패스트썹APP-홈썹주차가능배달가능아침메뉴단체주문시그니처랩
대전오류,대전광역시 중구 계백로 1715 102호,042-528-4312,08:00 - 23:00,APP-패스트썹APP-홈썹주차가능배달가능아침메뉴단체주문시그니처랩
대전월평선사,대전광역시 서구 월평북로 95,042-486-1363,08:00 - 23:00,APP-패스트썹APP-홈썹주차가능배달가능아침메뉴단체주문시그니처랩
대전탄방점,대전광역시 서구 문정로 88,042-488-6013,08:00 - 23:00,APP-패스트썹APP-홈썹배달가능아침메뉴단체주문시그니처랩
대전노은점,대전광역시 유성구 노은로 150,042-822-4042,08:00 - 23:00,APP-패스트썹APP-홈썹주차가능배달가능아침메뉴단체주문시그니처랩
공주신관,충청남도 공주시 흑수골길 35,041-881-1124,08:00 - 23:00,APP-패스트썹APP-홈썹배달가능아침메뉴단체주문시그니처랩
아산터미널,충청남도 아산시 번영로224번길 4,041-548-8484,07:00 - 23:00,APP-패스트썹APP-홈썹주차가능배달가능아침메뉴단체주문시그니처랩
대전용문,대전광역시 서구 계룡로 626,042-525-2991,08:00 - 23:00,APP-패스트썹APP-홈썹배달가능아침메뉴단체주문시그니처랩
대전시청,대전광역시 서구 둔산로 123번길 21 1층,042-489-1117,08:00 - 23:00,APP-패스트썹APP-홈썹주차가능배달가능아침메뉴단체주문
세종어진,"세종특별자치시 한누리대로 492, 101호",044-867-3797,07:30 - 22:30,컵 보증금APP-패스트썹APP-홈썹주차가능배달가능아침메뉴단체주문시그니처랩
아산온양,충청남도 아산시 온궁로 24-2,041-544-2700,08:00 - 22:00,APP-패스트썹APP-홈썹배달가능아침메뉴단체주문시그니처랩
천안쌍용,충청남도 천안시 서북구 월봉로 79,041-572-4466,08:00 - 23:00,APP-패스트썹APP-홈썹주차가능배달가능아침메뉴단체주문시그니처랩
대전관저,대전광역시 서구 관저로 142,042-543-0303,08:00 - 23:00,APP-패스트썹APP-홈썹주차가능배달가능아침메뉴단체주문시그니처랩
대전관평,대전광역시 유성구 관들1길 49,042-935-5600,08:00 - 23:00,APP-패스트썹APP-홈썹배달가능아침메뉴단체주문
천안성정,충청남도 천안시 서북구 서부2길 78,041-587-2345,08:00 - 23:00,APP-패스트썹APP-홈썹배달가능아침메뉴단체주문시그니처랩
대전둔산,대전광역시 서구 둔산로 18,042-488-5200,08:00 - 23:00,APP-패스트썹APP-홈썹배달가능아침메뉴단체주문그릴드랩
대전궁동,대전광역시 유성구 궁동로18번길 10,042-822-5154,08:00 - 23:00,APP-패스트썹APP-홈썹배달가능아침메뉴단체주문시그니처랩
천안신부,충청남도 천안시 동남구 만남로 22,041-569-0003,08:00 - 23:00,APP-패스트썹APP-홈썹배달가능아침메뉴단체주문시그니처랩
부천위브더스테이트,경기도 부천시 신흥로 170,032-611-0420,08:00 - 23:00,APP-패스트썹APP-홈썹주차가능배달가능아침메뉴단체주문시그니처랩
광명사거리역,경기도 광명시 광명로 892-1,02-2682-2111,08:00 - 22:00,APP-패스트썹APP-홈썹배달가능아침메뉴단체주문시그니처랩
부천역곡역,경기도 부천시 부일로 725,032-876-4908,08:00 - 22:00,APP-패스트썹APP-홈썹아침메뉴단체주문시그니처랩
광명소하,경기도 광명시 금하로 464,02-899-6747,08:00 - 22:00,APP-패스트썹APP-홈썹주차가능배달가능아침메뉴단체주문시그니처랩
광명철산역,경기도 광명시 철산로 15,02-2611-8006,08:00 - 22:00,APP-패스트썹APP-홈썹주차가능배달가능아침메뉴단체주문시그니처랩
고양행신,경기도 고양시 덕양구 충장로 11,031-994-8929,08:00 - 22:00,주차가능배달가능아침메뉴단체주문시그니처랩
김포장기동,경기도 김포시 김포한강4로 118,031-987-3824,08:00 - 22:00,APP-패스트썹APP-홈썹주차가능아침메뉴단체주문시그니처랩
시흥정왕,경기도 시흥시 중심상가로 195,031-433-0036,08:00 - 22:00,APP-패스트썹APP-홈썹주차가능아침메뉴단체주문시그니처랩
인천완정역,인천광역시 서구 서곶로 837,032-564-0837,08:00 - 22:00,주차가능아침메뉴단체주문시그니처랩
일산고양삼송,경기도 고양시 덕양구 권율대로 901,02-381-9257,08:00 - 22:00,APP-패스트썹APP-홈썹배달가능아침메뉴단체주문시그니처랩
인천인하대,인천광역시 미추홀구 인하로 100,070-8835-3277,09:00 - 21:00,주차가능아침메뉴단체주문시그니처랩
고양대화역,"경기도 고양시 일산서구 중앙로 1581 105,106호",031-915-1995,08:00 - 23:00,APP-패스트썹APP-홈썹주차가능배달가능아침메뉴단체주문
인천모래내시장역,인천광역시 남동구 호구포로 818 퍼스트하임프라자 1층,032-466-5882,08:00 - 23:00,APP-패스트썹APP-홈썹주차가능배달가능아침메뉴단체주문시그니처랩
고양후곡,경기도 고양시 일산서구 일산로 539,050-7143-37738,08:00 - 23:00,APP-패스트썹APP-홈썹배달가능아침메뉴단체주문그릴드랩
시흥배곧신도시,"경기도 시흥시 배곧3로 96 정왕동 2514-1, 111호",031-433-1301,08:00 - 22:00,APP-패스트썹APP-홈썹주차가능배달가능아침메뉴단체주문시그니처랩
고양백마학원가,경기도 고양시 일산동구 일산로 233,050-7142-05250,08:00 - 22:00,APP-패스트썹APP-홈썹주차가능배달가능아침메뉴단체주문시그니처랩
일산고양터미널,경기도 고양시 일산동구 중앙로 1036 1층,031-936-7497,08:00 - 22:00,APP-패스트썹APP-홈썹주차가능배달가능아침메뉴단체주문시그니처랩
인천주안역,인천광역시 미추홀구 주안로 89,032-876-4909,08:00 - 23:00,APP-패스트썹APP-홈썹주차가능배달가능아침메뉴단체주문시그니처랩
인천운서메가스타,인천광역시 중구 신도시남로142번길 6,032-746-4538,08:00 - 22:00,APP-패스트썹APP-홈썹주차가능배달가능아침메뉴단체주문시그니처랩
고양탄현,경기 고양시 일산서구 일현로 97-11 상가동 1층(실내) 111호,031-913-7977,07:00 - 23:00,APP-패스트썹APP-홈썹주차가능배달가능아침메뉴단체주문시그니처랩
부천시청,경기도 부천시 석천로169번길 22,032-321-3277,08:00 - 22:00,APP-패스트썹APP-홈썹배달가능아침메뉴단체주문시그니처랩
인천계산역,인천광역시 계양구 경명대로 1055,032-547-5550,08:00 - 22:00,APP-패스트썹APP-홈썹배달가능아침메뉴단체주문시그니처랩
인천구월동로데오,인천광역시 남동구 예술로 140번길 33 화성빌딩 102호,032-432-7999,08:00 - 23:00,APP-패스트썹APP-홈썹배달가능아침메뉴단체주문시그니처랩
일산주엽역,경기도 고양시 일산서구 중앙로 1415,031-915-7649,08:00 - 22:00,APP-패스트썹APP-홈썹주차가능배달가능아침메뉴단체주문시그니처랩
인천부평중앙,인천광역시 부평구 부평문화로 63,032-521-6789,08:00 - 22:00,APP-패스트썹APP-홈썹아침메뉴단체주문시그니처랩
인천계양구청,인천광역시 계양구 계산새로 85,032-551-0886,08:00 - 22:00,APP-패스트썹APP-홈썹주차가능아침메뉴단체주문시그니처랩
인천삼산,인천광역시 부평구 체육관로 24,032-507-7883,07:30 - 22:00,APP-패스트썹APP-홈썹주차가능배달가능아침메뉴단체주문시그니처랩
인천연수,인천광역시 연수구 먼우금로 194 메카오피스텔,032-815-7707,08:00 - 22:00,APP-패스트썹APP-홈썹주차가능배달가능아침메뉴단체주문시그니처랩
일산마두역,경기도 고양시 일산동구 중앙로 1191 굿모닝 법조타운 제 1층 101호,031-906-3226,08:00 - 22:00,APP-패스트썹APP-홈썹배달가능아침메뉴단체주문시그니처랩
인천송도트리플스트리트,인천 연수구 송도과학로16번길 33-3 송도 트리플스트리트,032-310-9545,10:00 - 22:00,APP-패스트썹APP-홈썹주차가능배달가능아침메뉴단체주문시그니처랩
인천청라,인천광역시 서구 청라라임로 65 라임타워,032-561-3380,08:00 - 22:00,APP-패스트썹APP-홈썹주차가능배달가능아침메뉴단체주문
인천논현,인천광역시 남동구 청능대로 583 중앙프라자,032-435-5955,08:00 - 22:00,APP-패스트썹주차가능아침메뉴단체주문시그니처랩
인천송도센트럴파크,인천광역시 연수구 센트럴로 194 더샵센트럴파크2 A동 108호,032-834-3227,08:00 - 22:00,APP-패스트썹APP-홈썹주차가능배달가능아침메뉴단체주문시그니처랩
일산화정,경기도 고양시 덕양구 화정로 69 한화꿈에그린아파트,031-966-9668,08:00 - 22:00,APP-패스트썹APP-홈썹주차가능배달가능아침메뉴단체주문시그니처랩
부천역,경기도 부천시 부일로 448 프리존빌딩,032-611-1301,08:00 - 22:00,APP-패스트썹APP-홈썹주차가능배달가능아침메뉴단체주문시그니처랩
인천송도,인천광역시 연수구 신송로 122,032-831-2530,08:00 - 22:00,APP-패스트썹APP-홈썹주차가능배달가능아침메뉴단체주문시그니처랩
인천부평시장역,인천 부평구 부흥로 264 동아웰빙타운,032-522-6789,08:00 - 22:00,APP-패스트썹APP-홈썹주차가능배달가능아침메뉴단체주문시그니처랩
부천상동,경기도 부천시 상동로 87 가나베스트타운 103호,032-323-1706,08:00 - 23:00,APP-패스트썹APP-홈썹주차가능배달가능아침메뉴단체주문시그니처랩
부천송내역,경기도 부천시 부일로 203 상동스카이뷰자이,032-323-0265,08:00 - 22:00,APP-패스트썹아침메뉴단체주문시그니처랩
일산레이킨스몰,경기도 고양시 일산서구 호수로 817,031-924-5684,09:00 - 22:00,APP-패스트썹APP-홈썹주차가능배달가능아침메뉴단체주문시그니처랩
일산동구청,경기도 고양시 일산동구 정발산로 38,031-906-6754,08:00 - 21:00,APP-패스트썹주차가능배달가능아침메뉴단체주문
부천중동,경기도 부천시 길주로 288,032-321-9757,08:00 - 22:00,APP-패스트썹APP-홈썹주차가능배달가능아침메뉴단체주문시그니처랩
평택로데오,경기도 평택시 중앙2로 16,031-655-1386,08:00 - 22:00,APP-패스트썹APP-홈썹배달가능아침메뉴단체주문시그니처랩
수원경희대,경기도 수원시 영통구 덕영대로 1707,031-204-3434,08:00 - 22:00,APP-패스트썹APP-홈썹주차가능배달가능아침메뉴단체주문시그니처랩
성남터미널,경기도 성남시 분당구 성남대로925번길 16,031-705-7022,07:00 - 22:00,APP-패스트썹APP-홈썹주차가능배달가능아침메뉴단체주문시그니처랩
용인동천,경기도 용인시 수지구 신수로 767 분당수지유타워 제B동 111호,031-525-3336,08:00 - 22:00,APP-패스트썹APP-홈썹배달가능아침메뉴단체주문시그니처랩
안양인덕원역,경기도 안양시 동안구 관악대로 486,031-423-1230,08:00 - 22:00,APP-패스트썹APP-홈썹배달가능아침메뉴단체주문시그니처랩
용인처인,경기도 용인시 처인구 명지로 17,031-332-3070,08:00 - 23:00,APP-패스트썹APP-홈썹주차가능배달가능아침메뉴단체주문시그니처랩
광교중앙,경기도 수원시 영통구 센트럴타운로 107,031-211-8886,08:00 - 22:00,APP-패스트썹APP-홈썹주차가능배달가능아침메뉴단체주문시그니처랩
용인죽전,경기도 용인시 기흥구 죽전로 20 죽전누리에뜰아파트 상가 B동 121호,031-889-8089,08:00 - 22:30,APP-패스트썹APP-홈썹주차가능배달가능아침메뉴단체주문시그니처랩
화성향남,"경기도 화성시 향남읍 향남로 392 우성메디피아 1층 103호, 104호",031-353-3070,08:00 - 22:00,APP-패스트썹APP-홈썹주차가능배달가능아침메뉴단체주문시그니처랩
화성병점,경기도 화성시 효행로 1063,031-237-8828,08:00 - 22:00,주차가능아침메뉴단체주문시그니처랩
성남시청,경기도 성남시 중원구 성남대로997번길 51-20,031-745-3030,08:00 - 23:00,APP-패스트썹APP-홈썹주차가능배달가능아침메뉴단체주문시그니처랩
안산한양대,경기도 안산시 상록구 한양대학로 60,031-409-9007,08:00 - 22:00,주차가능아침메뉴단체주문시그니처랩
광교상현역,경기도 용인시 수지구 광교중앙로 305,031-212-1877,08:00 - 22:00,APP-패스트썹APP-홈썹주차가능배달가능아침메뉴단체주문시그니처랩
수원영통,경기도 수원시 영통구 봉영로 1623,031-204-2224,08:00 - 22:00,APP-패스트썹APP-홈썹주차가능배달가능아침메뉴단체주문시그니처랩
판교브릿지타워,경기도 성남시 분당구 판교로227번길 6,031-608-1409,08:00 - 22:00,APP-패스트썹APP-홈썹배달가능아침메뉴단체주문시그니처랩
안양평촌스마트스퀘어,경기도 안양시 동안구 시민대로327번길 6 112호,031-425-8511,08:00 - 22:00,APP-패스트썹APP-홈썹주차가능배달가능아침메뉴단체주문시그니처랩
동탄호수공원,경기도 화성시 동탄대로 181 A동,031-8058-6358,08:00 - 22:00,APP-패스트썹APP-홈썹주차가능배달가능아침메뉴단체주문그릴드랩
안산중앙,경기도 안산시 단원구 예술대학로 17,031-414-4210,08:00 - 22:00,주차가능아침메뉴단체주문시그니처랩
산본로데오,경기도 군포시 광정로 60,031-391-0776,08:00 - 22:00,아침메뉴단체주문시그니처랩
안성중앙,경기도 안성시 중앙로 401,031-675-2716,08:00 - 22:00,APP-패스트썹APP-홈썹배달가능아침메뉴단체주문시그니처랩
안산한대역,경기도 안산시 상록구 광덕1로 385,031-418-1900,08:00 - 22:00,주차가능아침메뉴단체주문시그니처랩
안양1번가,경기도 안양시 만안구 만안로223번길 7,031-464-5210,08:30 - 22:30,APP-패스트썹APP-홈썹배달가능아침메뉴단체주문시그니처랩
동탄하이페리온,경기도 화성시 동탄반석로 156 동탄하이페리온,031-8003-8878,08:00 - 22:00,APP-패스트썹APP-홈썹주차가능배달가능아침메뉴단체주문시그니처랩
안산고잔,경기도 안산시 단원구 광덕대로 151,031-414-4200,08:00 - 22:00,주차가능아침메뉴단체주문시그니처랩
동탄나루,경기도 화성시 동탄솔빛로 48,031-8003-1138,08:00 - 22:00,APP-패스트썹APP-홈썹주차가능배달가능아침메뉴단체주문시그니처랩
수원성균관대,경기도 수원시 장안구 서부로 2066 성균관대학교 학생회관 2층,031-290-5448,08:30 - 19:00,APP-패스트썹APP-홈썹배달가능아침메뉴단체주문시그니처랩
수원인계,경기도 수원시 팔달구 권광로 204,031-267-0533,08:00 - 22:00,APP-패스트썹APP-홈썹주차가능배달가능아침메뉴단체주문
용인수지,경기도 용인시 수지구 풍덕천로 122 하나로프라자 211호,031-898-0831,08:00 - 22:00,APP-패스트썹APP-홈썹주차가능배달가능아침메뉴단체주문
분당오리역,경기도 성남시 분당구 성남대로 43번길 10 하나EZ타워,031-711-5352,08:00 - 23:00,APP-패스트썹APP-홈썹주차가능배달가능아침메뉴단체주문
안양범계,경기도 안양시 동안구 시민대로 167 안양벤처텔,031-440-8490,08:00 - 22:00,APP-패스트썹APP-홈썹배달가능아침메뉴단체주문
안양평촌학원가,경기도 안양시 동안구 평촌대로 119 원평비젼프라자,031-385-5027,08:00 - 22:00,주차가능아침메뉴단체주문시그니처랩
분당정자,경기도 성남시 분당구 성남대로 331번길 13,070-8882-8212,08:00 - 22:00,APP-패스트썹APP-홈썹배달가능아침메뉴단체주문그릴드랩
분당미금역,경기도 성남시 분당구 돌마로 52,031-717-5695,08:00 - 22:00,APP-패스트썹APP-홈썹주차가능배달가능아침메뉴단체주문시그니처랩
수원망포역,경기도 수원시 영통구 영통로 195,031-203-0703,08:00 - 23:00,APP-패스트썹APP-홈썹배달가능아침메뉴단체주문그릴드랩
판교테크노밸리,경기도 성남시 분당구 대왕판교로 670,031-739-8300,08:00 - 21:30,APP-패스트썹APP-홈썹배달가능아침메뉴그릴드랩
분당서현,경기도 성남시 분당구 서현로 184 엘지분당에클라트,031-709-2220,08:00 - 23:00,APP-패스트썹APP-홈썹배달가능아침메뉴단체주문그릴드랩
신논현,서울특별시 서초구 강남대로 499,02-544-1014,00:00 - 23:59,24시간APP-패스트썹APP-홈썹주차가능배달가능아침메뉴단체주문그릴드랩
압구정역,서울특별시 강남구 압구정로 28길 13,02-548-1014,08:00 - 22:00,APP-패스트썹APP-홈썹배달가능아침메뉴단체주문시그니처랩
서초법원,서울특별시 서초구 법원로1길 1,02-595-1718,08:00 - 22:00,APP-패스트썹APP-홈썹배달가능아침메뉴단체주문시그니처랩
선릉,서울특별시 강남구 테헤란로 337,02-557-5004,08:00 - 22:00,아침메뉴단체주문그릴드랩
가산디지털단지,서울특별시 금천구 가산디지털1로 165 가산비지니스센터 102호,02-1544-1852,08:00 - 22:00,APP-패스트썹APP-홈썹주차가능배달가능아침메뉴단체주문시그니처랩
언주역,서울특별시 강남구 봉은사로 206 대명빌딩,02-557-8805,08:00 - 23:00,APP-패스트썹APP-홈썹주차가능배달가능아침메뉴단체주문시그니처랩
여의도KBS 본관,서울특별시 영등포구 국회대로62길 25 교육시설재난공제회관,02-782-1518,08:00 - 23:00,APP-패스트썹APP-홈썹배달가능아침메뉴단체주문시그니처랩
독산,서울특별시 금천구 시흥대로 399 1층 112호,02-803-2346,08:00 - 22:00,APP-패스트썹APP-홈썹주차가능배달가능아침메뉴단체주문시그니처랩
발산역,서울특별시 강서구 마곡중앙6로 93,02-3663-6837,08:00 - 22:00,APP-패스트썹APP-홈썹주차가능배달가능아침메뉴단체주문시그니처랩
문정역,서울특별시 송파구 법원로 114 현대엠스테이트 C동 119호,02-3012-1259,08:00 - 22:00,APP-패스트썹APP-홈썹주차가능배달가능아침메뉴단체주문시그니처랩
문래,서울특별시 영등포구 선유로 70,02-2637-3002,08:00 - 22:00,APP-패스트썹APP-홈썹주차가능배달가능아침메뉴단체주문시그니처랩
삼성,서울특별시 강남구 삼성로 520,02-2051-2008,08:00 - 23:00,APP-패스트썹APP-홈썹배달가능아침메뉴단체주문시그니처랩
노량진,서울특별시 동작구 노량진로 166,02-812-1014,07:00 - 23:00,APP-패스트썹APP-홈썹배달가능아침메뉴단체주문시그니처랩
여의도국회의사당,서울특별시 영등포구 국회대로 70길 19,02-761-1003,07:30 - 21:30,APP-패스트썹APP-홈썹주차가능배달가능아침메뉴단체주문시그니처랩
역삼,서울특별시 강남구 테헤란로 25길 20,02-501-1554,08:00 - 22:00,APP-패스트썹APP-홈썹배달가능아침메뉴단체주문시그니처랩
강동성심병원,서울특별시 강동구 성안로 147,02-476-1131,08:00 - 22:00,APP-패스트썹APP-홈썹배달가능아침메뉴단체주문시그니처랩
천호,서울특별시 강동구 올림픽로 664,02-485-1077,08:00 - 22:30,APP-패스트썹APP-홈썹주차가능배달가능아침메뉴단체주문시그니처랩
양천구청,서울특별시 양천구 목동서로 349 센트럴프라자,02-2652-2521,08:00 - 22:00,APP-패스트썹APP-홈썹주차가능아침메뉴단체주문시그니처랩
강남우성,서울특별시 강남구 강남대로66길 6,02-553-5232,08:00 - 22:00,APP-패스트썹APP-홈썹배달가능아침메뉴단체주문시그니처랩
논현역,서울특별시 서초구 강남대로 535 프린스빌딩,02-512-1014,00:00 - 23:59,24시간APP-패스트썹APP-홈썹배달가능아침메뉴단체주문그릴드랩
영등포,서울특별시 영등포구 영중로 25,02-2635-5255,08:00 - 22:00,APP-패스트썹APP-홈썹배달가능아침메뉴단체주문시그니처랩
잠실새내역,서울특별시 송파구 올림픽로 130,02-425-5582,08:00 - 22:00,APP-패스트썹APP-홈썹주차가능배달가능아침메뉴단체주문그릴드랩
보라매,서울특별시 동작구 보라매로3길 29 해태보라매타워,02-832-2522,08:00 - 22:00,APP-패스트썹APP-홈썹주차가능배달가능아침메뉴단체주문시그니처랩
문정법조,서울특별시 송파구 충민로 5 송파한화오벨리스크,02-403-7344,08:00 - 22:00,APP-패스트썹APP-홈썹주차가능배달가능아침메뉴단체주문시그니처랩
신림역,서울특별시 관악구 신림로 344 SK허브그린,02-888-4455,08:00 - 22:00,주차가능아침메뉴단체주문시그니처랩
오목교,서울특별시 양천구 오목로 315,02-2644-5368,08:00 - 22:00,주차가능아침메뉴단체주문시그니처랩
목동역,서울특별시 양천구 오목로 238 론드사옥 1층,02-2603-5368,08:00 - 22:00,APP-패스트썹APP-홈썹배달가능아침메뉴단체주문그릴드랩
교대,서울특별시 서초구 서초중앙로22길 47 문화빌딩,02-581-0696,08:00 - 22:00,APP-패스트썹APP-홈썹주차가능배달가능아침메뉴단체주문
신사,서울특별시 강남구 도산대로 124 대영빌딩,02-546-2007,08:00 - 22:00,APP-패스트썹APP-홈썹배달가능아침메뉴단체주문그릴드랩
대청,서울특별시 강남구 일원로3길 4,02-459-7975,08:00 - 22:00,APP-패스트썹APP-홈썹배달가능아침메뉴그릴드랩
숭실대,서울시 동작구 사당로 10,02-812-3552,00:00 - 23:59,24시간APP-홈썹아침메뉴단체주문시그니처랩
화곡역,서울특별시 강서구 강서로 159-1,02-2603-5353,08:00 - 22:00,APP-홈썹아침메뉴단체주문시그니처랩
방배,서울특별시 서초구 효령로 111 1층,02-896-6000,08:00 - 22:00,주차가능아침메뉴단체주문시그니처랩
중앙대,서울특별시 동작구 흑석로 79,02-815-6429,08:00 - 22:00,APP-패스트썹APP-홈썹배달가능아침메뉴단체주문시그니처랩
서울대,서울특별시 관악구 관악로 156,02-887-6887,08:00 - 22:00,APP-패스트썹APP-홈썹배달가능아침메뉴단체주문시그니처랩
구로디지털,서울특별시 구로구 디지털로34길 55 코오롱싸이언스밸리 2차 109호 코오롱싸이언스밸리 2차 109호,02-2088-7279,08:00 - 22:00,APP-패스트썹APP-홈썹배달가능아침메뉴단체주문
강남역,서울특별시 강남구 강남대로96길 12,02-557-4727,08:00 - 22:00,아침메뉴그릴드랩
구산역,서울특별시 은평구 서오릉로 150,02-355-4650,08:00 - 22:00,APP-패스트썹APP-홈썹주차가능배달가능아침메뉴단체주문시그니처랩
동대문역사문화공원,서울특별시 중구 장충단로 227-2 1~2F,02-2269-2100,07:00 - 23:00,APP-패스트썹APP-홈썹배달가능아침메뉴단체주문시그니처랩
국민대학교,서울특별시 성북구 정릉로 77,02-910-6895,11:00 - 18:00,APP-패스트썹APP-홈썹주차가능아침메뉴단체주문시그니처랩
명동성당,서울특별시 중구 명동길 74 명동성당 B118호,02-318-6202,08:00 - 21:30,APP-패스트썹APP-홈썹주차가능배달가능아침메뉴단체주문시그니처랩
건대입구,서울특별시 광진구 아차산로 241 연한빌딩 102호,02-499-9292,07:00 - 01:00,APP-패스트썹APP-홈썹주차가능배달가능아침메뉴단체주문시그니처랩
성수역,서울특별시 성동구 아차산로 113,02-497-2800,08:00 - 23:00,APP-패스트썹APP-홈썹주차가능배달가능아침메뉴단체주문그릴드랩
상왕십리,서울 성동구 상왕십리동 806-2 센트라스,02-2296-9898,08:00 - 23:00,APP-패스트썹APP-홈썹배달가능아침메뉴단체주문시그니처랩
서울숲,서울특별시 성동구 왕십리로 108-1,02-499-2900,07:00 - 22:00,APP-패스트썹아침메뉴단체주문시그니처랩
아차산역,서울특별시 광진구 천호대로 666,02-455-5440,07:00 - 22:00,APP-패스트썹APP-홈썹주차가능배달가능아침메뉴단체주문시그니처랩
북촌,서울특별시 종로구 율곡로 67,02-747-4400,07:00 - 21:00,APP-패스트썹아침메뉴단체주문시그니처랩
미아역,서울특별시 강북구 도봉로 209,02-946-1596,08:00 - 22:00,아침메뉴단체주문시그니처랩
용산전자랜드,서울특별시 용산구 청파로 74 전자랜드 본관 A동 104호,02-706-6227,10:00 - 19:30,APP-패스트썹APP-홈썹배달가능아침메뉴단체주문시그니처랩
응암,서울특별시 은평구 은평로 108 101호,02-357-1479,08:00 - 22:00,APP-패스트썹APP-홈썹배달가능아침메뉴단체주문시그니처랩
강변역,서울특별시 광진구 강변역로4길 10,02-446-0423,08:00 - 22:00,APP-패스트썹APP-홈썹주차가능배달가능아침메뉴단체주문시그니처랩
광운대역,서울특별시 노원구 광운로 57,02-942-7779,08:00 - 22:00,APP-패스트썹APP-홈썹주차가능배달가능아침메뉴단체주문시그니처랩
구의,서울시 광진구 자양동 779-11 구의현대하이엘 1층,02-446-6444,08:00 - 23:00,APP-패스트썹APP-홈썹주차가능배달가능아침메뉴단체주문시그니처랩
마포구청,서울특별시 마포구 월드컵로 34길 7,02-307-6196,08:00 - 23:00,APP-패스트썹APP-홈썹주차가능배달가능아침메뉴단체주문시그니처랩
신당역,서울특별시 중구 퇴계로 388,02-2231-7088,08:00 - 22:00,APP-패스트썹APP-홈썹배달가능아침메뉴단체주문시그니처랩
수유역,서울특별시 강북구 오패산로 417,02-998-1641,08:00 - 22:00,APP-패스트썹APP-홈썹배달가능아침메뉴단체주문시그니처랩
뚝섬유원지역,"서울특별시 광진구 뚝섬로34길 67 광진트라팰리스 101호, 102호",02-467-4556,08:00 - 22:00,APP-패스트썹APP-홈썹배달가능아침메뉴단체주문시그니처랩
길음뉴타운,서울특별시 성북구 길음로 7길 6,02-918-7432,08:00 - 22:00,APP-패스트썹APP-홈썹주차가능배달가능아침메뉴단체주문시그니처랩
동탄목동,"경기 화성시 동탄신리천로 411 117호, 118호",02-461-7900,08:00 - 22:00,APP-패스트썹APP-홈썹배달가능아침메뉴그릴드랩
공덕역롯데캐슬,서울특별시 마포구 마포대로 109 롯데캐슬프레지던트,02-713-7775,07:00 - 22:00,주차가능아침메뉴단체주문시그니처랩
망우,서울 중랑구 망우동 479,02-432-9888,07:30 - 22:30,APP-패스트썹APP-홈썹주차가능배달가능아침메뉴단체주문시그니처랩
홍대아트,서울특별시 마포구 와우산로 117 102호,02-336-0522,08:00 - 22:00,APP-패스트썹APP-홈썹배달가능아침메뉴단체주문시그니처랩
성균관대,서울특별시 종로구 성균관로 41,02-3673-0100,09:00 - 15:00,APP-패스트썹아침메뉴단체주문시그니처랩
중랑역,서울특별시 중랑구 망우로 203,02-437-7300,08:00 - 22:00,APP-패스트썹APP-홈썹주차가능배달가능아침메뉴단체주문시그니처랩
한남,서울특별시 용산구 대사관로 63,02-790-2286,08:00 - 22:00,APP-패스트썹APP-홈썹주차가능배달가능아침메뉴단체주문시그니처랩
상수역,서울특별시 마포구 와우산로 44 1층,02-323-6934,08:00 - 22:00,APP-패스트썹APP-홈썹배달가능아침메뉴단체주문시그니처랩
을지로3가,서울특별시 중구 을지로 103-1,02-2275-9890,08:00 - 22:00,APP-패스트썹APP-홈썹배달가능아침메뉴단체주문시그니처랩
회현,서울특별시 중구 소공로 35 남산롯데캐슬아이리스,02-3789-6467,08:00 - 22:00,APP-패스트썹APP-홈썹배달가능아침메뉴단체주문시그니처랩
연신내,서울특별시 은평구 연서로 215-1,02-352-1500,08:00 - 22:00,APP-패스트썹APP-홈썹배달가능아침메뉴단체주문시그니처랩
홍제,서울특별시 서대문구 통일로 432-1 1층,02-736-6535,08:00 - 22:00,APP-패스트썹APP-홈썹배달가능아침메뉴단체주문시그니처랩
미아사거리역,서울특별시 강북구 도봉로 41-1,02-988-1641,08:00 - 22:00,APP-패스트썹APP-홈썹배달가능아침메뉴단체주문시그니처랩
신촌로데오,서울특별시 서대문구 연세로 23,02-322-9431,08:00 - 23:00,APP-패스트썹APP-홈썹배달가능아침메뉴단체주문시그니처랩
순화동라마다,서울특별시 중구 칠패로 27 순화동 the# 주상복합,02-776-4518,08:00 - 22:00,APP-패스트썹APP-홈썹주차가능배달가능아침메뉴단체주문시그니처랩
을지로입구,서울특별시 중구 남대문로 112,02-730-8777,07:30 - 21:30,APP-패스트썹APP-홈썹배달가능아침메뉴단체주문시그니처랩
종로5가,서울특별시 종로구 종로 213-1,02-766-7537,08:00 - 22:00,APP-패스트썹아침메뉴단체주문시그니처랩
성신여대,서울특별시 성북구 보문로 34길 78,02-923-4010,08:00 - 22:00,APP-패스트썹APP-홈썹아침메뉴단체주문시그니처랩
합정역메세나폴리스,서울특별시 마포구 양화로 45 메세나폴리스,02-384-9890,08:00 - 22:00,APP-패스트썹APP-홈썹주차가능배달가능아침메뉴단체주문시그니처랩
한성대,서울특별시 성북구 동소문로 10,02-744-4949,08:00 - 22:00,아침메뉴단체주문시그니처랩
노원,서울특별시 노원구 상계동 723 노원빌딩 1층 (노해로 502),02-936-0501,08:00 - 23:00,APP-패스트썹APP-홈썹배달가능아침메뉴단체주문
광화문,서울특별시 종로구 새문안로 3길 19,02-723-7222,08:00 - 22:00,APP-패스트썹아침메뉴단체주문시그니처랩
이대,서울 서대문구 대현동 54-4,02-364-8870,08:00 - 22:00,APP-패스트썹APP-홈썹아침메뉴단체주문시그니처랩
대학로,서울특별시 종로구 동숭길 101 현대엘리베이터,02-764-5656,08:30 - 22:30,APP-패스트썹아침메뉴시그니처랩
경복궁,서울특별시 종로구 사직로 115,02-725-5926,07:30 - 21:30,APP-패스트썹아침메뉴단체주문시그니처랩
연희,서울특별시 서대문구 연희로 93 연희오피스텔,02-333-0388,08:00 - 22:00,APP-패스트썹APP-홈썹주차가능아침메뉴단체주문시그니처랩
남영역,서울특별시 용산구 한강대로 271,02-706-5007,08:00 - 22:00,APP-패스트썹아침메뉴단체주문시그니처랩
구파발역,서울특별시 은평구 진관2로 29-21 드림스퀘어,02-3157-3167,08:00 - 23:00,APP-패스트썹APP-홈썹주차가능배달가능아침메뉴단체주문시그니처랩
상암,서울특별시 마포구 월드컵북로 361 DMC 이안상암2단지,02-533-9464,08:00 - 22:00,APP-패스트썹APP-홈썹주차가능배달가능아침메뉴단체주문
경희대,서울특별시 동대문구 회기동 16-70,02-957-1589,08:00 - 23:00,APP-패스트썹APP-홈썹배달가능아침메뉴단체주문
공릉,서울특별시 노원구 공릉로 207,02-977-0045,08:00 - 22:00,APP-패스트썹APP-홈썹배달가능아침메뉴단체주문시그니처랩
종암,서울 성북구 종암로 110,02-909-0501,08:00 - 22:00,APP-패스트썹APP-홈썹배달가능아침메뉴단체주문그릴드랩
충정로,서울특별시 서대문구 충정로 23 풍산빌딩 지하 2층,02-393-8609,07:30 - 21:00,APP-패스트썹APP-홈썹배달가능아침메뉴단체주문
세종대,서울특별시 광진구 광나루로 390,02-465-3285,07:30 - 22:00,APP-패스트썹APP-홈썹배달가능아침메뉴단체주문
망원역,서울특별시 마포구 월드컵로 87 마포로얄프라자,02-338-9933,08:30 - 22:30,아침메뉴단체주문시그니처랩
시청,서울특별시 중구 세종대로 68 천일빌딩,02-777-9200,07:30 - 21:30,APP-패스트썹아침메뉴단체주문
안국,서울특별시 종로구 우정국로 69 동일빌딩,02-735-9000,07:00 - 21:00,APP-패스트썹APP-홈썹배달가능아침메뉴단체주문
서울역동자,서울특별시 용산구 후암로 107 게이트웨이타워,02-777-8552,08:00 - 22:00,APP-패스트썹APP-홈썹배달가능아침메뉴단체주문
마포,서울특별시 마포구 마포대로 53 마포트라팰리스,02-715-0080,08:00 - 22:00,APP-패스트썹APP-홈썹주차가능배달가능아침메뉴단체주문시그니처랩
숙명여대,서울특별시 용산구 청파로47길 42,02-702-2454,08:00 - 22:00,APP-패스트썹APP-홈썹배달가능아침메뉴단체주문시그니처랩
신촌,서울특별시 서대문구 신촌로 121 아남오피스텔,02-3147-1248,08:00 - 22:30,APP-패스트썹APP-홈썹주차가능배달가능아침메뉴단체주문시그니처랩
외대,서울특별시 동대문구 이문로 116,070-4137-7702,08:30 - 22:30,APP-패스트썹APP-홈썹배달가능아침메뉴단체주문그릴드랩
홍대,서울특별시 마포구 홍익로 10,02-324-6688,09:00 - 23:00,APP-패스트썹아침메뉴단체주문시그니처랩
종로,서울특별시 종로구 종로 77 통일빌딩,02-737-0034,08:00 - 22:00,APP-패스트썹APP-홈썹배달가능아침메뉴단체주문시그니처랩
한양대,서울특별시 성동구 마조로11,02-2299-3555,08:30 - 22:30,APP-패스트썹APP-홈썹배달가능아침메뉴단체주문시그니처랩
성대,서울특별시 종로구 창경궁로 234 동화빌딩,02-741-0677,08:00 - 22:00,APP-패스트썹APP-홈썹배달가능아침메뉴단체주문
군산 KE (미군부대 매장),-,0,-,시그니처랩
대구 FC (미군부대 매장),-,0,-,시그니처랩
왜관 FC (미군부대 매장),-,0,-,시그니처랩
평택 HMM (미군부대 매장),-,0,-,시그니처랩
평택 USFKHQ (미군부대 매장),-,0,-,시그니처랩
평택 TMM (미군부대 매장),-,0,-,시그니처랩
평택 FC (미군부대 매장),-,0,-,시그니처랩
오산 FC (미군부대 매장),-,0,-,시그니처랩
성남 K-16 FC (미군부대 매장),-,0,-,시그니처랩
용산 DHL (미군부대 매장),-,0,-,시그니처랩
